statement,agency,table,caption,unit,item,est_outcome_2025_26,budget_2026_27,estimate_2027_28,estimate_2028_29,estimate_2029_30
Statement A,,3,"Changes to appropriation – Capital Injections, Territorial ($’000)",$'000,2025-26 Budget,618,0,0,0,0
Statement A,,3,"Changes to appropriation – Capital Injections, Territorial ($’000)",$'000,2026-27 Budget,618,0,0,0,0
Statement A,,9,Changes to appropriation – Controlled Recurrent Payments ($’000),$'000,2025-26 Budget,9417,7948,8075,8199,8334
Statement A,,9,Changes to appropriation – Controlled Recurrent Payments ($’000),$'000,2026-27 Budget Policy Decisions,,,,,
Statement A,,9,Changes to appropriation – Controlled Recurrent Payments ($’000),$'000,CMTEDD Direct Appropriation in accordance With ERC 2024-25 Decision,0,-20,-21,-21,-22
Statement A,,9,Changes to appropriation – Controlled Recurrent Payments ($’000),$'000,2026-27 Budget Technical Adjustments,,,,,
Statement A,,9,Changes to appropriation – Controlled Recurrent Payments ($’000),$'000,Estimated Outcome and Flow on Effects,-1249,940,0,0,0
Statement A,,9,Changes to appropriation – Controlled Recurrent Payments ($’000),$'000,Revised Employee Expenses Estimates - Allocation of Central Wages Provision,0,43,0,0,0
Statement A,,9,Changes to appropriation – Controlled Recurrent Payments ($’000),$'000,2026-27 Budget,8168,8911,8054,8178,8312
Statement A,,15,Changes to appropriation – Controlled Recurrent Payments ($’000),$'000,2025-26 Budget,4334,4264,4188,4144,4139
Statement A,,15,Changes to appropriation – Controlled Recurrent Payments ($’000),$'000,2026-27 Budget Technical Adjustments,,,,,
Statement A,,15,Changes to appropriation – Controlled Recurrent Payments ($’000),$'000,Accommodation savings as a result of new Government Office Buildings,0,153,0,0,0
Statement A,,15,Changes to appropriation – Controlled Recurrent Payments ($’000),$'000,Revised Indexation Parameters,0,122,122,122,87
Statement A,,15,Changes to appropriation – Controlled Recurrent Payments ($’000),$'000,Revised Superannuation Parameters,0,17,10,3,2
Statement A,,15,Changes to appropriation – Controlled Recurrent Payments ($’000),$'000,Revised Wage Parameters,0,71,0,0,0
Statement A,,15,Changes to appropriation – Controlled Recurrent Payments ($’000),$'000,2026-27 Budget,4334,4627,4320,4269,4228
Statement A,,16,"Changes to appropriation – Capital Injections, Controlled ($’000)",$'000,2025-26 Budget,329,0,0,0,0
Statement A,,16,"Changes to appropriation – Capital Injections, Controlled ($’000)",$'000,2026-27 Budget,329,0,0,0,0
Statement A,,22,Changes to appropriation – Controlled Recurrent Payments ($’000),$'000,2025-26 Budget,4798,4244,5038,11369,4599
Statement A,,22,Changes to appropriation – Controlled Recurrent Payments ($’000),$'000,2026-27 Budget Policy Decisions,,,,,
Statement A,,22,Changes to appropriation – Controlled Recurrent Payments ($’000),$'000,Supporting Elections ACT's operational capacity,0,424,637,647,656
Statement A,,22,Changes to appropriation – Controlled Recurrent Payments ($’000),$'000,Modernisation of Elections ACT's ICT systems,0,67,231,675,92
Statement A,,22,Changes to appropriation – Controlled Recurrent Payments ($’000),$'000,2026-27 Budget Technical Adjustments,,,,,
Statement A,,22,Changes to appropriation – Controlled Recurrent Payments ($’000),$'000,Revised iCBR Property Management Services Direct Appropriation,0,82,84,87,90
Statement A,,22,Changes to appropriation – Controlled Recurrent Payments ($’000),$'000,Estimated Outcome - End of Year Estimate,-145,145,0,0,0
Statement A,,22,Changes to appropriation – Controlled Recurrent Payments ($’000),$'000,Revised Employee Expense Estimates - Allocation of Central Wages Provision,0,20,0,0,0
Statement A,,22,Changes to appropriation – Controlled Recurrent Payments ($’000),$'000,2026-27 Budget,4653,4982,5990,12778,5437
Statement A,,23,"Changes to appropriation – Capital Injections, Controlled ($’000)",$'000,2025-26 Budget,312,0,0,0,0
Statement A,,23,"Changes to appropriation – Capital Injections, Controlled ($’000)",$'000,Modernisation of Elections ACT's ICT systems,0,463,0,0,0
Statement A,,23,"Changes to appropriation – Capital Injections, Controlled ($’000)",$'000,2026-27 Budget,312,463,0,0,0
Statement A,,29,Changes to appropriation – Controlled Recurrent Payments ($’000),$'000,2025-26 Budget,11540,11673,11837,12007,12022
Statement A,,29,Changes to appropriation – Controlled Recurrent Payments ($’000),$'000,2026-27 Budget Policy Decisions,,,,,
Statement A,,29,Changes to appropriation – Controlled Recurrent Payments ($’000),$'000,Physical Security Upgrade - Legislative Assembly,0,265,274,288,302
Statement A,,29,Changes to appropriation – Controlled Recurrent Payments ($’000),$'000,2026-27 Budget Technical Adjustments,,,,,
Statement A,,29,Changes to appropriation – Controlled Recurrent Payments ($’000),$'000,Revised Wage Parameters,0,100,0,0,0
Statement A,,29,Changes to appropriation – Controlled Recurrent Payments ($’000),$'000,Revised Superannuation Parameters,0,52,69,84,86
Statement A,,29,Changes to appropriation – Controlled Recurrent Payments ($’000),$'000,Remuneration Tribunal - Clerk,0,6,6,6,6
Statement A,,29,Changes to appropriation – Controlled Recurrent Payments ($’000),$'000,Revised Indexation Parameters,0,0,0,0,189
Statement A,,29,Changes to appropriation – Controlled Recurrent Payments ($’000),$'000,2026-27 Budget,11540,12096,12186,12385,12605
Statement A,,30,Changes to Appropriation – Expenses on Behalf of the Territory ($’000),$'000,2025-26 Budget,14076,14261,14127,14304,14304
Statement A,,30,Changes to Appropriation – Expenses on Behalf of the Territory ($’000),$'000,2026-27 Budget Technical Adjustments,,,,,
Statement A,,30,Changes to Appropriation – Expenses on Behalf of the Territory ($’000),$'000,Revised Wage Parameters,0,86,0,0,0
Statement A,,30,Changes to Appropriation – Expenses on Behalf of the Territory ($’000),$'000,Remuneration Tribunal - Members,0,351,351,351,351
Statement A,,30,Changes to Appropriation – Expenses on Behalf of the Territory ($’000),$'000,Revised Indexation Parameters,0,0,0,0,176
Statement A,,30,Changes to Appropriation – Expenses on Behalf of the Territory ($’000),$'000,2026-27 Budget,14076,14698,14478,14655,14831
Statement A,,31,"Changes to appropriation – Capital Injections, Controlled ($’000)",$'000,2025-26 Budget,351,35,35,35,35
Statement A,,31,"Changes to appropriation – Capital Injections, Controlled ($’000)",$'000,2026-27 Budget,351,35,35,35,35
Statement A,,32,"Changes to appropriation – Capital Injections, Territorial ($’000)",$'000,2025-26 Budget,3614,391,405,421,438
Statement A,,32,"Changes to appropriation – Capital Injections, Territorial ($’000)",$'000,2026-27 Budget Policy Decisions,,,,,
Statement A,,32,"Changes to appropriation – Capital Injections, Territorial ($’000)",$'000,Fire Compliance Upgrade - Legislative Assembly,0,672,1265,0,0
Statement A,,32,"Changes to appropriation – Capital Injections, Territorial ($’000)",$'000,Roof Upgrade - Legislative Assembly,0,500,672,0,0
Statement A,,32,"Changes to appropriation – Capital Injections, Territorial ($’000)",$'000,Physical Security Upgrade - Legislative Assembly,0,381,0,0,0
Statement A,,32,"Changes to appropriation – Capital Injections, Territorial ($’000)",$'000,2026-27 Asset Renewal Program (ARP),0,0,-14,-145,-162
Statement A,,32,"Changes to appropriation – Capital Injections, Territorial ($’000)",$'000,2026-27 Budget Technical Adjustments,,,,,
Statement A,,32,"Changes to appropriation – Capital Injections, Territorial ($’000)",$'000,Revised Funding Profile – ACT Legislative Assembly Security Upgrades,-639,639,0,0,0
Statement A,,32,"Changes to appropriation – Capital Injections, Territorial ($’000)",$'000,2026-27 Asset Renewal Program (ARP),0,0,0,115,115
Statement A,,32,"Changes to appropriation – Capital Injections, Territorial ($’000)",$'000,2026-27 Budget,2975,2583,2328,391,391
Statement B,"CHIEF MINISTER, TREASURY AND ECONOMIC DEVELOPMENT DIRECTORATE",32,Changes to appropriation – Controlled Recurrent Payments ($’000),$'000,2025-26 Budget,433107,321017,307434,298858,274550
Statement B,"CHIEF MINISTER, TREASURY AND ECONOMIC DEVELOPMENT DIRECTORATE",32,Changes to appropriation – Controlled Recurrent Payments ($’000),$'000,2025-26 Budget Review,,,,,
Statement B,"CHIEF MINISTER, TREASURY AND ECONOMIC DEVELOPMENT DIRECTORATE",32,Changes to appropriation – Controlled Recurrent Payments ($’000),$'000,Build to Rent and Affordable Housing Project Fund – replacing grants payment with waivers for lease variation fee assistance,-20624,0,0,-1781,0
Statement B,"CHIEF MINISTER, TREASURY AND ECONOMIC DEVELOPMENT DIRECTORATE",32,Changes to appropriation – Controlled Recurrent Payments ($’000),$'000,FMA Section 16B Rollovers from 2024-25,,,,,
Statement B,"CHIEF MINISTER, TREASURY AND ECONOMIC DEVELOPMENT DIRECTORATE",32,Changes to appropriation – Controlled Recurrent Payments ($’000),$'000,Boosting business and the economy:,,,,,
Statement B,"CHIEF MINISTER, TREASURY AND ECONOMIC DEVELOPMENT DIRECTORATE",32,Changes to appropriation – Controlled Recurrent Payments ($’000),$'000,– Continuing to strengthen our tourism and events industry,335,0,0,0,0
Statement B,"CHIEF MINISTER, TREASURY AND ECONOMIC DEVELOPMENT DIRECTORATE",32,Changes to appropriation – Controlled Recurrent Payments ($’000),$'000,– Continuing to support Canberra businesses,315,0,0,0,0
Statement B,"CHIEF MINISTER, TREASURY AND ECONOMIC DEVELOPMENT DIRECTORATE",32,Changes to appropriation – Controlled Recurrent Payments ($’000),$'000,– Knowledge Capital – Future Jobs Fund,150,0,0,0,0
Statement B,"CHIEF MINISTER, TREASURY AND ECONOMIC DEVELOPMENT DIRECTORATE",32,Changes to appropriation – Controlled Recurrent Payments ($’000),$'000,Climate action – Big Canberra Battery Stream 1,73,0,0,0,0
Statement B,"CHIEF MINISTER, TREASURY AND ECONOMIC DEVELOPMENT DIRECTORATE",32,Changes to appropriation – Controlled Recurrent Payments ($’000),$'000,Investing in public services – Joint research with the Australian National University,100,0,0,0,0
Statement B,"CHIEF MINISTER, TREASURY AND ECONOMIC DEVELOPMENT DIRECTORATE",32,Changes to appropriation – Controlled Recurrent Payments ($’000),$'000,Restructure Fund,1900,0,0,0,0
Statement B,"CHIEF MINISTER, TREASURY AND ECONOMIC DEVELOPMENT DIRECTORATE",32,Changes to appropriation – Controlled Recurrent Payments ($’000),$'000,2026-27 Budget Policy Decisions,,,,,
Statement B,"CHIEF MINISTER, TREASURY AND ECONOMIC DEVELOPMENT DIRECTORATE",32,Changes to appropriation – Controlled Recurrent Payments ($’000),$'000,"30,000 homes by 2030 – Missing Middle LVC remission and LVC review",0,362,367,0,0
Statement B,"CHIEF MINISTER, TREASURY AND ECONOMIC DEVELOPMENT DIRECTORATE",32,Changes to appropriation – Controlled Recurrent Payments ($’000),$'000,Arts and culture – Increased funding for arts organisations,0,1221,2403,2464,2525
Statement B,"CHIEF MINISTER, TREASURY AND ECONOMIC DEVELOPMENT DIRECTORATE",32,Changes to appropriation – Controlled Recurrent Payments ($’000),$'000,Boosting business and the economy – Support for Small Business,0,491,398,408,419
Statement B,"CHIEF MINISTER, TREASURY AND ECONOMIC DEVELOPMENT DIRECTORATE",32,Changes to appropriation – Controlled Recurrent Payments ($’000),$'000,Boosting business and the economy – Supporting a local screen and gaming industry,0,150,1100,0,0
Statement B,"CHIEF MINISTER, TREASURY AND ECONOMIC DEVELOPMENT DIRECTORATE",32,Changes to appropriation – Controlled Recurrent Payments ($’000),$'000,Canberra Cyber Hub,0,1100,0,0,0
Statement B,"CHIEF MINISTER, TREASURY AND ECONOMIC DEVELOPMENT DIRECTORATE",32,Changes to appropriation – Controlled Recurrent Payments ($’000),$'000,Climate action – Sustainable Household Scheme enhancements,-447,323,124,0,0
Statement B,"CHIEF MINISTER, TREASURY AND ECONOMIC DEVELOPMENT DIRECTORATE",32,Changes to appropriation – Controlled Recurrent Payments ($’000),$'000,Cricket strategic collaboration partnership,0,875,897,0,0
Statement B,"CHIEF MINISTER, TREASURY AND ECONOMIC DEVELOPMENT DIRECTORATE",32,Changes to appropriation – Controlled Recurrent Payments ($’000),$'000,Delivering National Competition Policy Reforms,0,331,336,0,0
Statement B,"CHIEF MINISTER, TREASURY AND ECONOMIC DEVELOPMENT DIRECTORATE",32,Changes to appropriation – Controlled Recurrent Payments ($’000),$'000,Delivering the 2030 ACT Tourism Strategy,0,3110,2000,2000,0
Statement B,"CHIEF MINISTER, TREASURY AND ECONOMIC DEVELOPMENT DIRECTORATE",32,Changes to appropriation – Controlled Recurrent Payments ($’000),$'000,Extending Fee Free TAFE,0,10567,4744,4742,4756
Statement B,"CHIEF MINISTER, TREASURY AND ECONOMIC DEVELOPMENT DIRECTORATE",32,Changes to appropriation – Controlled Recurrent Payments ($’000),$'000,Extending Floriade,0,0,238,407,0
Statement B,"CHIEF MINISTER, TREASURY AND ECONOMIC DEVELOPMENT DIRECTORATE",32,Changes to appropriation – Controlled Recurrent Payments ($’000),$'000,Investing in public services – Strengthening government procurement,0,1605,1628,861,874
Statement B,"CHIEF MINISTER, TREASURY AND ECONOMIC DEVELOPMENT DIRECTORATE",32,Changes to appropriation – Controlled Recurrent Payments ($’000),$'000,Loose Fill Asbestos Disease Support Scheme,0,1122,1122,1122,1122
Statement B,"CHIEF MINISTER, TREASURY AND ECONOMIC DEVELOPMENT DIRECTORATE",32,Changes to appropriation – Controlled Recurrent Payments ($’000),$'000,New ACT Aquatic Strategy,0,750,0,0,0
Statement B,"CHIEF MINISTER, TREASURY AND ECONOMIC DEVELOPMENT DIRECTORATE",32,Changes to appropriation – Controlled Recurrent Payments ($’000),$'000,Promoting a strong and sustainable revenue base,0,1131,1147,1164,1181
Statement B,"CHIEF MINISTER, TREASURY AND ECONOMIC DEVELOPMENT DIRECTORATE",32,Changes to appropriation – Controlled Recurrent Payments ($’000),$'000,Strengthening emergency services – More frontline paramedics,0,250,0,0,0
Statement B,"CHIEF MINISTER, TREASURY AND ECONOMIC DEVELOPMENT DIRECTORATE",32,Changes to appropriation – Controlled Recurrent Payments ($’000),$'000,Supporting local sport – Backing Women's Sport,0,28,53,79,0
Statement B,"CHIEF MINISTER, TREASURY AND ECONOMIC DEVELOPMENT DIRECTORATE",32,Changes to appropriation – Controlled Recurrent Payments ($’000),$'000,Supporting local sport – Planning for new facilities in Gungahlin and Tuggeranong,0,250,250,0,0
Statement B,"CHIEF MINISTER, TREASURY AND ECONOMIC DEVELOPMENT DIRECTORATE",32,Changes to appropriation – Controlled Recurrent Payments ($’000),$'000,Supporting the ACT Ombudsman,0,973,308,319,841
Statement B,"CHIEF MINISTER, TREASURY AND ECONOMIC DEVELOPMENT DIRECTORATE",32,Changes to appropriation – Controlled Recurrent Payments ($’000),$'000,University of New South Wales site development,0,0,6250,6250,0
Statement B,"CHIEF MINISTER, TREASURY AND ECONOMIC DEVELOPMENT DIRECTORATE",32,Changes to appropriation – Controlled Recurrent Payments ($’000),$'000,Upgrading Canberra venues,0,0,45,171,252
Statement B,"CHIEF MINISTER, TREASURY AND ECONOMIC DEVELOPMENT DIRECTORATE",32,Changes to appropriation – Controlled Recurrent Payments ($’000),$'000,Whole of Government Expenditure Reform,0,15575,15778,2014,2059
Statement B,"CHIEF MINISTER, TREASURY AND ECONOMIC DEVELOPMENT DIRECTORATE",32,Changes to appropriation – Controlled Recurrent Payments ($’000),$'000,Offsets:,,,,,
Statement B,"CHIEF MINISTER, TREASURY AND ECONOMIC DEVELOPMENT DIRECTORATE",32,Changes to appropriation – Controlled Recurrent Payments ($’000),$'000,– Canberra Cyber Hub,-400,0,0,0,0
Statement B,"CHIEF MINISTER, TREASURY AND ECONOMIC DEVELOPMENT DIRECTORATE",32,Changes to appropriation – Controlled Recurrent Payments ($’000),$'000,– Extending Fee Free TAFE,-6740,0,0,0,0
Statement B,"CHIEF MINISTER, TREASURY AND ECONOMIC DEVELOPMENT DIRECTORATE",32,Changes to appropriation – Controlled Recurrent Payments ($’000),$'000,– Investing in public services – Strengthening government procurement,0,-181,-180,-93,-98
Statement B,"CHIEF MINISTER, TREASURY AND ECONOMIC DEVELOPMENT DIRECTORATE",32,Changes to appropriation – Controlled Recurrent Payments ($’000),$'000,– Restructure Fund,0,-3000,-1453,-1489,-1526
Statement B,"CHIEF MINISTER, TREASURY AND ECONOMIC DEVELOPMENT DIRECTORATE",32,Changes to appropriation – Controlled Recurrent Payments ($’000),$'000,– Supporting local sport – Backing Women's Sport,0,-28,-53,-79,0
Statement B,"CHIEF MINISTER, TREASURY AND ECONOMIC DEVELOPMENT DIRECTORATE",32,Changes to appropriation – Controlled Recurrent Payments ($’000),$'000,2026-27 Budget Technical Adjustments,,,,,
Statement B,"CHIEF MINISTER, TREASURY AND ECONOMIC DEVELOPMENT DIRECTORATE",32,Changes to appropriation – Controlled Recurrent Payments ($’000),$'000,Accommodation savings as a result of new Government Office Buildings,0,257,0,0,0
Statement B,"CHIEF MINISTER, TREASURY AND ECONOMIC DEVELOPMENT DIRECTORATE",32,Changes to appropriation – Controlled Recurrent Payments ($’000),$'000,Better community infrastructure – Grants for communityowned sports facilities,0,1104,1132,1160,1189
Statement B,"CHIEF MINISTER, TREASURY AND ECONOMIC DEVELOPMENT DIRECTORATE",32,Changes to appropriation – Controlled Recurrent Payments ($’000),$'000,Building a better city – Civic and Dickson office accommodation,0,1235,0,0,0
Statement B,"CHIEF MINISTER, TREASURY AND ECONOMIC DEVELOPMENT DIRECTORATE",32,Changes to appropriation – Controlled Recurrent Payments ($’000),$'000,Commonwealth Grants:,,,,,
Statement B,"CHIEF MINISTER, TREASURY AND ECONOMIC DEVELOPMENT DIRECTORATE",32,Changes to appropriation – Controlled Recurrent Payments ($’000),$'000,– Fee-Free TAFE Skills Agreement,0,-18,0,0,0
Statement B,"CHIEF MINISTER, TREASURY AND ECONOMIC DEVELOPMENT DIRECTORATE",32,Changes to appropriation – Controlled Recurrent Payments ($’000),$'000,– National Skills Agreement,2928,2320,-866,-2088,-6569
Statement B,"CHIEF MINISTER, TREASURY AND ECONOMIC DEVELOPMENT DIRECTORATE",32,Changes to appropriation – Controlled Recurrent Payments ($’000),$'000,Correction – Sustainable Household Scheme extension funding profile,-848,-1005,-1022,-587,-615
Statement B,"CHIEF MINISTER, TREASURY AND ECONOMIC DEVELOPMENT DIRECTORATE",32,Changes to appropriation – Controlled Recurrent Payments ($’000),$'000,Correction – Venues Canberra base funding,596,617,617,617,617
Statement B,"CHIEF MINISTER, TREASURY AND ECONOMIC DEVELOPMENT DIRECTORATE",32,Changes to appropriation – Controlled Recurrent Payments ($’000),$'000,Other technical adjustments,0,-6,-6,148,2955
Statement B,"CHIEF MINISTER, TREASURY AND ECONOMIC DEVELOPMENT DIRECTORATE",32,Changes to appropriation – Controlled Recurrent Payments ($’000),$'000,Revised Funding Profile:,,,,,
Statement B,"CHIEF MINISTER, TREASURY AND ECONOMIC DEVELOPMENT DIRECTORATE",32,Changes to appropriation – Controlled Recurrent Payments ($’000),$'000,– Arts and culture – Funding boost for local arts organisations,-25,25,0,0,0
Statement B,"CHIEF MINISTER, TREASURY AND ECONOMIC DEVELOPMENT DIRECTORATE",32,Changes to appropriation – Controlled Recurrent Payments ($’000),$'000,– Asbestos Disease Assistance Fund for Residents of Loose-Fill Asbestos Insulation Properties,-738,738,0,0,0
Statement B,"CHIEF MINISTER, TREASURY AND ECONOMIC DEVELOPMENT DIRECTORATE",32,Changes to appropriation – Controlled Recurrent Payments ($’000),$'000,– Boosting business and the economy – Future Jobs Fund – Continuation,-302,302,0,0,0
Statement B,"CHIEF MINISTER, TREASURY AND ECONOMIC DEVELOPMENT DIRECTORATE",32,Changes to appropriation – Controlled Recurrent Payments ($’000),$'000,– Boosting business and the economy – Growing our visitor economy,-490,490,0,0,0
Statement B,"CHIEF MINISTER, TREASURY AND ECONOMIC DEVELOPMENT DIRECTORATE",32,Changes to appropriation – Controlled Recurrent Payments ($’000),$'000,– Community Solar Banks Program,-968,968,0,0,0
Statement B,"CHIEF MINISTER, TREASURY AND ECONOMIC DEVELOPMENT DIRECTORATE",32,Changes to appropriation – Controlled Recurrent Payments ($’000),$'000,– Fee-Free TAFE Skills Agreement,-7176,7176,0,0,0
Statement B,"CHIEF MINISTER, TREASURY AND ECONOMIC DEVELOPMENT DIRECTORATE",32,Changes to appropriation – Controlled Recurrent Payments ($’000),$'000,– National Skills Agreement,-16887,0,0,16887,0
Statement B,"CHIEF MINISTER, TREASURY AND ECONOMIC DEVELOPMENT DIRECTORATE",32,Changes to appropriation – Controlled Recurrent Payments ($’000),$'000,– Implementing recommended reforms to the Integrity Commission Act and Public Interest Disclosure Act,-30,30,0,0,0
Statement B,"CHIEF MINISTER, TREASURY AND ECONOMIC DEVELOPMENT DIRECTORATE",32,Changes to appropriation – Controlled Recurrent Payments ($’000),$'000,– Investing in Canberra's Arts Sector,-126,126,0,0,0
Statement B,"CHIEF MINISTER, TREASURY AND ECONOMIC DEVELOPMENT DIRECTORATE",32,Changes to appropriation – Controlled Recurrent Payments ($’000),$'000,– Investing in public services – Improving public sector employment frameworks,-297,297,0,0,0
Statement B,"CHIEF MINISTER, TREASURY AND ECONOMIC DEVELOPMENT DIRECTORATE",32,Changes to appropriation – Controlled Recurrent Payments ($’000),$'000,– Progressing the partnership with Telstra enabling the reopening of Telstra Tower,-1473,1473,0,0,0
Statement B,"CHIEF MINISTER, TREASURY AND ECONOMIC DEVELOPMENT DIRECTORATE",32,Changes to appropriation – Controlled Recurrent Payments ($’000),$'000,– Skilled Capital,-3530,1765,1765,0,0
Statement B,"CHIEF MINISTER, TREASURY AND ECONOMIC DEVELOPMENT DIRECTORATE",32,Changes to appropriation – Controlled Recurrent Payments ($’000),$'000,– Support for Paralympic Sports,-450,450,0,0,0
Statement B,"CHIEF MINISTER, TREASURY AND ECONOMIC DEVELOPMENT DIRECTORATE",32,Changes to appropriation – Controlled Recurrent Payments ($’000),$'000,– Supporting a future workforce – Supporting more local construction apprentices,-6262,0,0,6262,0
Statement B,"CHIEF MINISTER, TREASURY AND ECONOMIC DEVELOPMENT DIRECTORATE",32,Changes to appropriation – Controlled Recurrent Payments ($’000),$'000,Revised Indexation Parameters,0,0,0,-63,4042
Statement B,"CHIEF MINISTER, TREASURY AND ECONOMIC DEVELOPMENT DIRECTORATE",32,Changes to appropriation – Controlled Recurrent Payments ($’000),$'000,Revised Superannuation Parameters,0,51,615,566,199
Statement B,"CHIEF MINISTER, TREASURY AND ECONOMIC DEVELOPMENT DIRECTORATE",32,Changes to appropriation – Controlled Recurrent Payments ($’000),$'000,Revised Wage Parameters,0,1609,0,0,0
Statement B,"CHIEF MINISTER, TREASURY AND ECONOMIC DEVELOPMENT DIRECTORATE",32,Changes to appropriation – Controlled Recurrent Payments ($’000),$'000,Savings – Workers' compensation,0,-43,0,0,0
Statement B,"CHIEF MINISTER, TREASURY AND ECONOMIC DEVELOPMENT DIRECTORATE",32,Changes to appropriation – Controlled Recurrent Payments ($’000),$'000,Shared Services Finance and Human Resources fixed cost contribution,0,240,247,253,259
Statement B,"CHIEF MINISTER, TREASURY AND ECONOMIC DEVELOPMENT DIRECTORATE",32,Changes to appropriation – Controlled Recurrent Payments ($’000),$'000,Transfers from CMTEDD:,,,,,
Statement B,"CHIEF MINISTER, TREASURY AND ECONOMIC DEVELOPMENT DIRECTORATE",32,Changes to appropriation – Controlled Recurrent Payments ($’000),$'000,– Affordable Housing Policy Coordination Branch functions to City and Environment Directorate,-28450,-13997,-9235,-6137,-6586
Statement B,"CHIEF MINISTER, TREASURY AND ECONOMIC DEVELOPMENT DIRECTORATE",32,Changes to appropriation – Controlled Recurrent Payments ($’000),$'000,– Corporate support budget to Infrastructure Canberra,0,0,-376,-385,-395
Statement B,"CHIEF MINISTER, TREASURY AND ECONOMIC DEVELOPMENT DIRECTORATE",32,Changes to appropriation – Controlled Recurrent Payments ($’000),$'000,– Corporate support budget to City Renewal Authority,0,-129,-132,-135,-137
Statement B,"CHIEF MINISTER, TREASURY AND ECONOMIC DEVELOPMENT DIRECTORATE",32,Changes to appropriation – Controlled Recurrent Payments ($’000),$'000,– Corporate support budget to Digital Canberra,0,-150,0,0,0
Statement B,"CHIEF MINISTER, TREASURY AND ECONOMIC DEVELOPMENT DIRECTORATE",32,Changes to appropriation – Controlled Recurrent Payments ($’000),$'000,– Corporate support budget to Suburban Land Agency,0,-110,-113,-115,-117
Statement B,"CHIEF MINISTER, TREASURY AND ECONOMIC DEVELOPMENT DIRECTORATE",32,Changes to appropriation – Controlled Recurrent Payments ($’000),$'000,– Secure Zone Fund to Justice and Community Safety Directorate,0,-55,-55,-55,-55
Statement B,"CHIEF MINISTER, TREASURY AND ECONOMIC DEVELOPMENT DIRECTORATE",32,Changes to appropriation – Controlled Recurrent Payments ($’000),$'000,2026-27 Budget,343241,363782,337507,333745,281742
Statement B,"CHIEF MINISTER, TREASURY AND ECONOMIC DEVELOPMENT DIRECTORATE",33,Changes to appropriation – Expenses on Behalf of the Territory ($’000),$'000,2025-26 Budget,129456,96643,96835,96875,96875
Statement B,"CHIEF MINISTER, TREASURY AND ECONOMIC DEVELOPMENT DIRECTORATE",33,Changes to appropriation – Expenses on Behalf of the Territory ($’000),$'000,FMA Section 16B Rollovers from 2024-25,,,,,
Statement B,"CHIEF MINISTER, TREASURY AND ECONOMIC DEVELOPMENT DIRECTORATE",33,Changes to appropriation – Expenses on Behalf of the Territory ($’000),$'000,Commonwealth Grant – HomeBuilder,300,0,0,0,0
Statement B,"CHIEF MINISTER, TREASURY AND ECONOMIC DEVELOPMENT DIRECTORATE",33,Changes to appropriation – Expenses on Behalf of the Territory ($’000),$'000,2026-27 Budget Technical Adjustments,,,,,
Statement B,"CHIEF MINISTER, TREASURY AND ECONOMIC DEVELOPMENT DIRECTORATE",33,Changes to appropriation – Expenses on Behalf of the Territory ($’000),$'000,Commonwealth Grant:,,,,,
Statement B,"CHIEF MINISTER, TREASURY AND ECONOMIC DEVELOPMENT DIRECTORATE",33,Changes to appropriation – Expenses on Behalf of the Territory ($’000),$'000,– Energy Bill Relief,-1048,0,0,0,0
Statement B,"CHIEF MINISTER, TREASURY AND ECONOMIC DEVELOPMENT DIRECTORATE",33,Changes to appropriation – Expenses on Behalf of the Territory ($’000),$'000,– First Home Owners Grant,-3950,-4000,-4000,-4000,-4000
Statement B,"CHIEF MINISTER, TREASURY AND ECONOMIC DEVELOPMENT DIRECTORATE",33,Changes to appropriation – Expenses on Behalf of the Territory ($’000),$'000,– Inter-Governmental Agreement for Fuel Excise Reduction,0,8224,0,0,0
Statement B,"CHIEF MINISTER, TREASURY AND ECONOMIC DEVELOPMENT DIRECTORATE",33,Changes to appropriation – Expenses on Behalf of the Territory ($’000),$'000,Revised Indexation Parameters,-2,-2,-5,-8,-11
Statement B,"CHIEF MINISTER, TREASURY AND ECONOMIC DEVELOPMENT DIRECTORATE",33,Changes to appropriation – Expenses on Behalf of the Territory ($’000),$'000,2026-27 Budget,124756,100865,92830,92867,92864
Statement B,"CHIEF MINISTER, TREASURY AND ECONOMIC DEVELOPMENT DIRECTORATE",34,"Changes to appropriation – Capital Injections, Controlled ($’000)",$'000,2025-26 Budget,80503,81727,30817,3868,157366
Statement B,"CHIEF MINISTER, TREASURY AND ECONOMIC DEVELOPMENT DIRECTORATE",34,"Changes to appropriation – Capital Injections, Controlled ($’000)",$'000,FMA Section 16B Rollovers from 2024-25,,,,,
Statement B,"CHIEF MINISTER, TREASURY AND ECONOMIC DEVELOPMENT DIRECTORATE",34,"Changes to appropriation – Capital Injections, Controlled ($’000)",$'000,Arts and culture – Gorman House Arts Centre Centenary upgrade,107,0,0,0,0
Statement B,"CHIEF MINISTER, TREASURY AND ECONOMIC DEVELOPMENT DIRECTORATE",34,"Changes to appropriation – Capital Injections, Controlled ($’000)",$'000,Asset Renewal Program,995,0,0,0,0
Statement B,"CHIEF MINISTER, TREASURY AND ECONOMIC DEVELOPMENT DIRECTORATE",34,"Changes to appropriation – Capital Injections, Controlled ($’000)",$'000,Backing our Arts and Entertainment – Upgrades to Tuggeranong Arts Centre Theatre,81,0,0,0,0
Statement B,"CHIEF MINISTER, TREASURY AND ECONOMIC DEVELOPMENT DIRECTORATE",34,"Changes to appropriation – Capital Injections, Controlled ($’000)",$'000,Better community infrastructure:,,,,,
Statement B,"CHIEF MINISTER, TREASURY AND ECONOMIC DEVELOPMENT DIRECTORATE",34,"Changes to appropriation – Capital Injections, Controlled ($’000)",$'000,– A new Fitzroy Pavilion for community events,280,0,0,0,0
Statement B,"CHIEF MINISTER, TREASURY AND ECONOMIC DEVELOPMENT DIRECTORATE",34,"Changes to appropriation – Capital Injections, Controlled ($’000)",$'000,– Expanding the Belconnen Basketball Stadium,47,0,0,0,0
Statement B,"CHIEF MINISTER, TREASURY AND ECONOMIC DEVELOPMENT DIRECTORATE",34,"Changes to appropriation – Capital Injections, Controlled ($’000)",$'000,– Phillip District Enclosed Oval Upgrade,-274,0,0,0,0
Statement B,"CHIEF MINISTER, TREASURY AND ECONOMIC DEVELOPMENT DIRECTORATE",34,"Changes to appropriation – Capital Injections, Controlled ($’000)",$'000,Government Budget Management System,306,0,0,0,0
Statement B,"CHIEF MINISTER, TREASURY AND ECONOMIC DEVELOPMENT DIRECTORATE",34,"Changes to appropriation – Capital Injections, Controlled ($’000)",$'000,Investing in public services – ICT support of ACT Revenue Office Systems,-121,0,0,0,0
Statement B,"CHIEF MINISTER, TREASURY AND ECONOMIC DEVELOPMENT DIRECTORATE",34,"Changes to appropriation – Capital Injections, Controlled ($’000)",$'000,More and better jobs – Expanding Belconnen Arts Centre,63,0,0,0,0
Statement B,"CHIEF MINISTER, TREASURY AND ECONOMIC DEVELOPMENT DIRECTORATE",34,"Changes to appropriation – Capital Injections, Controlled ($’000)",$'000,Reducing stamp duty for owner-occupiers,475,0,0,0,0
Statement B,"CHIEF MINISTER, TREASURY AND ECONOMIC DEVELOPMENT DIRECTORATE",34,"Changes to appropriation – Capital Injections, Controlled ($’000)",$'000,"Progress work on key entertainment, events, sports and tourism events infrastructure projects",830,0,0,0,0
Statement B,"CHIEF MINISTER, TREASURY AND ECONOMIC DEVELOPMENT DIRECTORATE",34,"Changes to appropriation – Capital Injections, Controlled ($’000)",$'000,Sustainable Household Scheme,6543,0,0,0,0
Statement B,"CHIEF MINISTER, TREASURY AND ECONOMIC DEVELOPMENT DIRECTORATE",34,"Changes to appropriation – Capital Injections, Controlled ($’000)",$'000,Upgrading Canberra venues,51,0,0,0,0
Statement B,"CHIEF MINISTER, TREASURY AND ECONOMIC DEVELOPMENT DIRECTORATE",34,"Changes to appropriation – Capital Injections, Controlled ($’000)",$'000,Upgrading local arts facilities,107,0,0,0,0
Statement B,"CHIEF MINISTER, TREASURY AND ECONOMIC DEVELOPMENT DIRECTORATE",34,"Changes to appropriation – Capital Injections, Controlled ($’000)",$'000,Upgrading venues for major events,308,0,0,0,0
Statement B,"CHIEF MINISTER, TREASURY AND ECONOMIC DEVELOPMENT DIRECTORATE",34,"Changes to appropriation – Capital Injections, Controlled ($’000)",$'000,2026-27 Budget Policy Decisions,,,,,
Statement B,"CHIEF MINISTER, TREASURY AND ECONOMIC DEVELOPMENT DIRECTORATE",34,"Changes to appropriation – Capital Injections, Controlled ($’000)",$'000,2026-27 Capital Works Program savings measures,0,-2019,-2080,-1331,-1486
Statement B,"CHIEF MINISTER, TREASURY AND ECONOMIC DEVELOPMENT DIRECTORATE",34,"Changes to appropriation – Capital Injections, Controlled ($’000)",$'000,Climate action – Sustainable Household Scheme enhancements,-6249,4520,1729,0,0
Statement B,"CHIEF MINISTER, TREASURY AND ECONOMIC DEVELOPMENT DIRECTORATE",34,"Changes to appropriation – Capital Injections, Controlled ($’000)",$'000,New National Convention and Entertainment Centre,451,3800,7367,2500,0
Statement B,"CHIEF MINISTER, TREASURY AND ECONOMIC DEVELOPMENT DIRECTORATE",34,"Changes to appropriation – Capital Injections, Controlled ($’000)",$'000,Upgrading Canberra venues,0,6381,8543,2000,0
Statement B,"CHIEF MINISTER, TREASURY AND ECONOMIC DEVELOPMENT DIRECTORATE",34,"Changes to appropriation – Capital Injections, Controlled ($’000)",$'000,Offsets:,,,,,
Statement B,"CHIEF MINISTER, TREASURY AND ECONOMIC DEVELOPMENT DIRECTORATE",34,"Changes to appropriation – Capital Injections, Controlled ($’000)",$'000,Canberra Convention and Entertainment Centre Precinct,-4274,-5000,0,0,0
Statement B,"CHIEF MINISTER, TREASURY AND ECONOMIC DEVELOPMENT DIRECTORATE",34,"Changes to appropriation – Capital Injections, Controlled ($’000)",$'000,2026-27 Budget Technical Adjustments,,,,,
Statement B,"CHIEF MINISTER, TREASURY AND ECONOMIC DEVELOPMENT DIRECTORATE",34,"Changes to appropriation – Capital Injections, Controlled ($’000)",$'000,Asset Renewal Program,0,0,0,0,-5955
Statement B,"CHIEF MINISTER, TREASURY AND ECONOMIC DEVELOPMENT DIRECTORATE",34,"Changes to appropriation – Capital Injections, Controlled ($’000)",$'000,Revised Funding Profile:,,,,,
Statement B,"CHIEF MINISTER, TREASURY AND ECONOMIC DEVELOPMENT DIRECTORATE",34,"Changes to appropriation – Capital Injections, Controlled ($’000)",$'000,– Arts and culture – Celebrating significant women,-80,80,0,0,0
Statement B,"CHIEF MINISTER, TREASURY AND ECONOMIC DEVELOPMENT DIRECTORATE",34,"Changes to appropriation – Capital Injections, Controlled ($’000)",$'000,– Arts and culture – Gorman House Arts Centre Centenary upgrade,-2100,2100,0,0,0
Statement B,"CHIEF MINISTER, TREASURY AND ECONOMIC DEVELOPMENT DIRECTORATE",34,"Changes to appropriation – Capital Injections, Controlled ($’000)",$'000,– Better community infrastructure – Expanding the Belconnen Basketball Stadium,-400,400,0,0,0
Statement B,"CHIEF MINISTER, TREASURY AND ECONOMIC DEVELOPMENT DIRECTORATE",34,"Changes to appropriation – Capital Injections, Controlled ($’000)",$'000,– Better community infrastructure – Gungahlin tennis facility,-6000,6000,0,0,0
Statement B,"CHIEF MINISTER, TREASURY AND ECONOMIC DEVELOPMENT DIRECTORATE",34,"Changes to appropriation – Capital Injections, Controlled ($’000)",$'000,– Government Budget Management System,-250,150,100,0,0
Statement B,"CHIEF MINISTER, TREASURY AND ECONOMIC DEVELOPMENT DIRECTORATE",34,"Changes to appropriation – Capital Injections, Controlled ($’000)",$'000,– Investing in public services – ICT support of ACT Revenue Office Systems,-1000,1000,0,0,0
Statement B,"CHIEF MINISTER, TREASURY AND ECONOMIC DEVELOPMENT DIRECTORATE",34,"Changes to appropriation – Capital Injections, Controlled ($’000)",$'000,– Supporting local sport – New pavilion and playing fields at Taylor,-300,300,0,0,0
Statement B,"CHIEF MINISTER, TREASURY AND ECONOMIC DEVELOPMENT DIRECTORATE",34,"Changes to appropriation – Capital Injections, Controlled ($’000)",$'000,– Progressing the partnership with Telstra enabling the reopening of Telstra Tower,-162,162,0,0,0
Statement B,"CHIEF MINISTER, TREASURY AND ECONOMIC DEVELOPMENT DIRECTORATE",34,"Changes to appropriation – Capital Injections, Controlled ($’000)",$'000,"– Progress work on key entertainment, events, sports and tourism events infrastructure projects",-4303,4303,0,0,0
Statement B,"CHIEF MINISTER, TREASURY AND ECONOMIC DEVELOPMENT DIRECTORATE",34,"Changes to appropriation – Capital Injections, Controlled ($’000)",$'000,– Upgrading venues for major events,-1500,1500,0,0,0
Statement B,"CHIEF MINISTER, TREASURY AND ECONOMIC DEVELOPMENT DIRECTORATE",34,"Changes to appropriation – Capital Injections, Controlled ($’000)",$'000,Sustainable Household Scheme – Zero Emissions Vehicles Strategy,0,2200,0,0,0
Statement B,"CHIEF MINISTER, TREASURY AND ECONOMIC DEVELOPMENT DIRECTORATE",34,"Changes to appropriation – Capital Injections, Controlled ($’000)",$'000,Transfers from CMTEDD:,,,,,
Statement B,"CHIEF MINISTER, TREASURY AND ECONOMIC DEVELOPMENT DIRECTORATE",34,"Changes to appropriation – Capital Injections, Controlled ($’000)",$'000,– Better community infrastructure – Stromlo Forest Park District Playing Fields – Stage 1 – to Infrastructure Canberra,-1400,-26507,-6098,0,0
Statement B,"CHIEF MINISTER, TREASURY AND ECONOMIC DEVELOPMENT DIRECTORATE",34,"Changes to appropriation – Capital Injections, Controlled ($’000)",$'000,– Equipment purchase funding – to Digital Canberra,0,0,0,0,-1000
Statement B,"CHIEF MINISTER, TREASURY AND ECONOMIC DEVELOPMENT DIRECTORATE",34,"Changes to appropriation – Capital Injections, Controlled ($’000)",$'000,– Maintaining and growing affordable housing – Gungahlin common ground build to rent – to City and Environment Directorate,-391,0,0,0,0
Statement B,"CHIEF MINISTER, TREASURY AND ECONOMIC DEVELOPMENT DIRECTORATE",34,"Changes to appropriation – Capital Injections, Controlled ($’000)",$'000,– More jobs for our growing city – Delivering the Kingston Arts Precinct – to Infrastructure Canberra,0,0,0,0,-146388
Statement B,"CHIEF MINISTER, TREASURY AND ECONOMIC DEVELOPMENT DIRECTORATE",34,"Changes to appropriation – Capital Injections, Controlled ($’000)",$'000,2026-27 Budget,62343,81097,40378,7037,2537
Statement B,"CHIEF MINISTER, TREASURY AND ECONOMIC DEVELOPMENT DIRECTORATE",35,"Changes to appropriation – Capital Injections, Territorial ($’000)",$'000,2025-26 Budget,9670,0,0,25000,25000
Statement B,"CHIEF MINISTER, TREASURY AND ECONOMIC DEVELOPMENT DIRECTORATE",35,"Changes to appropriation – Capital Injections, Territorial ($’000)",$'000,FMA Section 16B Rollovers from 2024-25,,,,,
Statement B,"CHIEF MINISTER, TREASURY AND ECONOMIC DEVELOPMENT DIRECTORATE",35,"Changes to appropriation – Capital Injections, Territorial ($’000)",$'000,Boosting business and the economy – Knowledge Capital – Future Jobs Fund,330,0,0,0,0
Statement B,"CHIEF MINISTER, TREASURY AND ECONOMIC DEVELOPMENT DIRECTORATE",35,"Changes to appropriation – Capital Injections, Territorial ($’000)",$'000,2026-27 Budget Technical Adjustments,,,,,
Statement B,"CHIEF MINISTER, TREASURY AND ECONOMIC DEVELOPMENT DIRECTORATE",35,"Changes to appropriation – Capital Injections, Territorial ($’000)",$'000,Land Rent Scheme,0,0,0,-25000,-25000
Statement B,"CHIEF MINISTER, TREASURY AND ECONOMIC DEVELOPMENT DIRECTORATE",35,"Changes to appropriation – Capital Injections, Territorial ($’000)",$'000,Revised Funding Profile – Boosting business and the economy – Knowledge Capital – Future Jobs Fund,-9335,9335,0,0,0
Statement B,"CHIEF MINISTER, TREASURY AND ECONOMIC DEVELOPMENT DIRECTORATE",35,"Changes to appropriation – Capital Injections, Territorial ($’000)",$'000,2026-27 Budget,665,9335,0,0,0
Statement B,CANBERRA INSTITUTE OF TECHNOLOGY,5,Changes to appropriation – Controlled Recurrent Payments ($’000),$'000,2025-26 Budget 1,97145,80955,80176,81003,81150
Statement B,CANBERRA INSTITUTE OF TECHNOLOGY,5,Changes to appropriation – Controlled Recurrent Payments ($’000),$'000,FMA Section 16B Rollovers from 2024-25,,,,,
Statement B,CANBERRA INSTITUTE OF TECHNOLOGY,5,Changes to appropriation – Controlled Recurrent Payments ($’000),$'000,Skilled to Succeed - Supporting the Renewables and Sustainability and Building and Construction Action Plans,250,0,0,0,0
Statement B,CANBERRA INSTITUTE OF TECHNOLOGY,5,Changes to appropriation – Controlled Recurrent Payments ($’000),$'000,Boosting business and the economy – Australia’s first Electric Vehicle Centre of Excellence,862,0,0,0,0
Statement B,CANBERRA INSTITUTE OF TECHNOLOGY,5,Changes to appropriation – Controlled Recurrent Payments ($’000),$'000,Upgrading the Canberra Institute of Technology's ICT Infrastructure,4099,0,0,0,0
Statement B,CANBERRA INSTITUTE OF TECHNOLOGY,5,Changes to appropriation – Controlled Recurrent Payments ($’000),$'000,2026-27 Budget Policy Decisions,,,,,
Statement B,CANBERRA INSTITUTE OF TECHNOLOGY,5,Changes to appropriation – Controlled Recurrent Payments ($’000),$'000,Delivering the Electric Vehicle TAFE Centre of Excellence,-2658,2658,0,0,0
Statement B,CANBERRA INSTITUTE OF TECHNOLOGY,5,Changes to appropriation – Controlled Recurrent Payments ($’000),$'000,Investing in public services – Strengthening government procurement,0,-178,-181,-96,-97
Statement B,CANBERRA INSTITUTE OF TECHNOLOGY,5,Changes to appropriation – Controlled Recurrent Payments ($’000),$'000,Supporting the new CIT Woden campus and CIT Yurauna,0,3915,0,0,0
Statement B,CANBERRA INSTITUTE OF TECHNOLOGY,5,Changes to appropriation – Controlled Recurrent Payments ($’000),$'000,Upgrading the Canberra Institute of Technology’s ICT Infrastructure (Cloud Campus),0,10517,10489,4084,0
Statement B,CANBERRA INSTITUTE OF TECHNOLOGY,5,Changes to appropriation – Controlled Recurrent Payments ($’000),$'000,2026-27 Budget Technical Adjustments,,,,,
Statement B,CANBERRA INSTITUTE OF TECHNOLOGY,5,Changes to appropriation – Controlled Recurrent Payments ($’000),$'000,Revised Superannuation Parameters,-607,437,614,545,434
Statement B,CANBERRA INSTITUTE OF TECHNOLOGY,5,Changes to appropriation – Controlled Recurrent Payments ($’000),$'000,Removal of 2025-26 FTE on‑costs from 2026-27 onwards,0,-129,-57,0,0
Statement B,CANBERRA INSTITUTE OF TECHNOLOGY,5,Changes to appropriation – Controlled Recurrent Payments ($’000),$'000,Transfer of funding and FTEs from Digital Canberra to CIT,0,467,473,480,487
Statement B,CANBERRA INSTITUTE OF TECHNOLOGY,5,Changes to appropriation – Controlled Recurrent Payments ($’000),$'000,Enterprise Agreement Bargaining and Pay Offer,0,724,0,0,0
Statement B,CANBERRA INSTITUTE OF TECHNOLOGY,5,Changes to appropriation – Controlled Recurrent Payments ($’000),$'000,Revised Indexation Parameters,0,0,0,0,723
Statement B,CANBERRA INSTITUTE OF TECHNOLOGY,5,Changes to appropriation – Controlled Recurrent Payments ($’000),$'000,TAFE Technology Fund and Mobile TAFE,0,960,0,0,0
Statement B,CANBERRA INSTITUTE OF TECHNOLOGY,5,Changes to appropriation – Controlled Recurrent Payments ($’000),$'000,2026-27 Budget,99091,100326,91514,86016,82697
Statement B,CANBERRA INSTITUTE OF TECHNOLOGY,6,"Changes to appropriation – Capital Injections, Controlled ($’000)",$'000,2025-26 Budget 1,28152,5125,5263,5423,1256
Statement B,CANBERRA INSTITUTE OF TECHNOLOGY,6,"Changes to appropriation – Capital Injections, Controlled ($’000)",$'000,FMA Section 16B Rollovers from 2024-25,,,,,
Statement B,CANBERRA INSTITUTE OF TECHNOLOGY,6,"Changes to appropriation – Capital Injections, Controlled ($’000)",$'000,Upgrading Canberra Institute of Technology's ICT Infrastructure,935,0,0,0,0
Statement B,CANBERRA INSTITUTE OF TECHNOLOGY,6,"Changes to appropriation – Capital Injections, Controlled ($’000)",$'000,"CIT Baseline Property, Plant and Equipment",117,0,0,0,0
Statement B,CANBERRA INSTITUTE OF TECHNOLOGY,6,"Changes to appropriation – Capital Injections, Controlled ($’000)",$'000,Asset Renewal Program,342,0,0,0,0
Statement B,CANBERRA INSTITUTE OF TECHNOLOGY,6,"Changes to appropriation – Capital Injections, Controlled ($’000)",$'000,2026-27 Budget Policy Decisions,,,,,
Statement B,CANBERRA INSTITUTE OF TECHNOLOGY,6,"Changes to appropriation – Capital Injections, Controlled ($’000)",$'000,2026-27 Capital Works Program savings measures,0,-1569,-2240,-1432,-1599
Statement B,CANBERRA INSTITUTE OF TECHNOLOGY,6,"Changes to appropriation – Capital Injections, Controlled ($’000)",$'000,Delivering the Electric Vehicle TAFE Centre of Excellence,-14058,16550,0,0,0
Statement B,CANBERRA INSTITUTE OF TECHNOLOGY,6,"Changes to appropriation – Capital Injections, Controlled ($’000)",$'000,2026-27 Budget Technical Adjustments,,,,,
Statement B,CANBERRA INSTITUTE OF TECHNOLOGY,6,"Changes to appropriation – Capital Injections, Controlled ($’000)",$'000,Asset Renewal Program,0,0,0,0,4334
Statement B,CANBERRA INSTITUTE OF TECHNOLOGY,6,"Changes to appropriation – Capital Injections, Controlled ($’000)",$'000,Revised Funding Profile - Asset Renewal Program,-2550,2550,0,0,0
Statement B,CANBERRA INSTITUTE OF TECHNOLOGY,6,"Changes to appropriation – Capital Injections, Controlled ($’000)",$'000,2026-27 Budget,12938,22656,3023,3991,3991
Statement B,CITY RENEWAL AUTHORITY,7,Changes to appropriation – Controlled Recurrent Payments ($’000),$'000,2025-26 Budget,17310,16916,15081,15619,15558
Statement B,CITY RENEWAL AUTHORITY,7,Changes to appropriation – Controlled Recurrent Payments ($’000),$'000,FMA Section 16B Rollovers from 2024-25,,,,,
Statement B,CITY RENEWAL AUTHORITY,7,Changes to appropriation – Controlled Recurrent Payments ($’000),$'000,City Centre and Marketing Improvements Levy,150,0,0,0,0
Statement B,CITY RENEWAL AUTHORITY,7,Changes to appropriation – Controlled Recurrent Payments ($’000),$'000,2026-27 Budget Policy Decisions,,,,,
Statement B,CITY RENEWAL AUTHORITY,7,Changes to appropriation – Controlled Recurrent Payments ($’000),$'000,Accommodation savings as a result of new Government Office Buildings,0,124,0,0,0
Statement B,CITY RENEWAL AUTHORITY,7,Changes to appropriation – Controlled Recurrent Payments ($’000),$'000,City Precinct Renewal Program,0,152,2875,3014,3168
Statement B,CITY RENEWAL AUTHORITY,7,Changes to appropriation – Controlled Recurrent Payments ($’000),$'000,University of New South Wales site development,374,379,383,388,394
Statement B,CITY RENEWAL AUTHORITY,7,Changes to appropriation – Controlled Recurrent Payments ($’000),$'000,Offset - Continuing the City Precinct Renewal Program,-374,-379,-383,-388,-394
Statement B,CITY RENEWAL AUTHORITY,7,Changes to appropriation – Controlled Recurrent Payments ($’000),$'000,2026-27 Budget Technical Adjustments,,,,,
Statement B,CITY RENEWAL AUTHORITY,7,Changes to appropriation – Controlled Recurrent Payments ($’000),$'000,Revised Funding Profile:,,,,,
Statement B,CITY RENEWAL AUTHORITY,7,Changes to appropriation – Controlled Recurrent Payments ($’000),$'000,City Centre and Marketing Improvements Levy,0,232,55,-10,-77
Statement B,CITY RENEWAL AUTHORITY,7,Changes to appropriation – Controlled Recurrent Payments ($’000),$'000,Revised funding profile - Renewing Canberra's city heart,-300,300,0,0,0
Statement B,CITY RENEWAL AUTHORITY,7,Changes to appropriation – Controlled Recurrent Payments ($’000),$'000,Revised funding profile - Continuing the City Precinct Renewal Program,-560,560,0,0,0
Statement B,CITY RENEWAL AUTHORITY,7,Changes to appropriation – Controlled Recurrent Payments ($’000),$'000,Revised Wage Parameters,0,53,0,0,0
Statement B,CITY RENEWAL AUTHORITY,7,Changes to appropriation – Controlled Recurrent Payments ($’000),$'000,Revised Indexation Parameters,0,0,0,0,289
Statement B,CITY RENEWAL AUTHORITY,7,Changes to appropriation – Controlled Recurrent Payments ($’000),$'000,Revised Superannuation Parameters,0,99,136,167,168
Statement B,CITY RENEWAL AUTHORITY,7,Changes to appropriation – Controlled Recurrent Payments ($’000),$'000,Transfer - Corporate services support from CMTEDD,0,129,132,135,137
Statement B,CITY RENEWAL AUTHORITY,7,Changes to appropriation – Controlled Recurrent Payments ($’000),$'000,2026-27 Budget,16600,18565,18279,18925,19243
Statement B,CITY RENEWAL AUTHORITY,8,"Changes to appropriation – Capital Injections, PTE ($’000)",$'000,2025-26 Budget,27312,21665,15849,100,0
Statement B,CITY RENEWAL AUTHORITY,8,"Changes to appropriation – Capital Injections, PTE ($’000)",$'000,FMA Section 16B Rollovers from 2024-25,,,,,
Statement B,CITY RENEWAL AUTHORITY,8,"Changes to appropriation – Capital Injections, PTE ($’000)",$'000,Acton Waterfront Park,305,0,0,0,0
Statement B,CITY RENEWAL AUTHORITY,8,"Changes to appropriation – Capital Injections, PTE ($’000)",$'000,Renewing Canberra's city precinct,1760,0,0,0,0
Statement B,CITY RENEWAL AUTHORITY,8,"Changes to appropriation – Capital Injections, PTE ($’000)",$'000,Renewing Canberra's city heart,-417,0,0,0,0
Statement B,CITY RENEWAL AUTHORITY,8,"Changes to appropriation – Capital Injections, PTE ($’000)",$'000,2026-27 Budget Policy Decisions,,,,,
Statement B,CITY RENEWAL AUTHORITY,8,"Changes to appropriation – Capital Injections, PTE ($’000)",$'000,City Precinct Renewal Program,0,349,612,255,0
Statement B,CITY RENEWAL AUTHORITY,8,"Changes to appropriation – Capital Injections, PTE ($’000)",$'000,University of New South Wales site development,-5064,12261,0,14718,0
Statement B,CITY RENEWAL AUTHORITY,8,"Changes to appropriation – Capital Injections, PTE ($’000)",$'000,2026-27 Budget Technical Adjustments,,,,,
Statement B,CITY RENEWAL AUTHORITY,8,"Changes to appropriation – Capital Injections, PTE ($’000)",$'000,Working capital injection,0,10000,0,0,0
Statement B,CITY RENEWAL AUTHORITY,8,"Changes to appropriation – Capital Injections, PTE ($’000)",$'000,Land acquisition from Suburban Land Agency,0,4442,0,0,0
Statement B,CITY RENEWAL AUTHORITY,8,"Changes to appropriation – Capital Injections, PTE ($’000)",$'000,Revised Funding Profile - Acton Waterfront Park,2744,8066,-11010,200,0
Statement B,CITY RENEWAL AUTHORITY,8,"Changes to appropriation – Capital Injections, PTE ($’000)",$'000,Revised Funding Profile - Continuing the City Precinct Renewal Program,-4437,2054,2383,0,0
Statement B,CITY RENEWAL AUTHORITY,8,"Changes to appropriation – Capital Injections, PTE ($’000)",$'000,Revised Funding Profile - Renewing Canberra's city precinct,-5297,5521,-124,-100,0
Statement B,CITY RENEWAL AUTHORITY,8,"Changes to appropriation – Capital Injections, PTE ($’000)",$'000,2026-27 Budget,16906,64358,7710,15173,0
Statement B,CULTURAL FACILITIES CORPORATION,5,Changes to appropriation – Controlled Recurrent Payments ($’000),$'000,2025-26 Budget,10742,10611,10671,10995,11003
Statement B,CULTURAL FACILITIES CORPORATION,5,Changes to appropriation – Controlled Recurrent Payments ($’000),$'000,2026-27 Budget Policy Decisions,,,,,
Statement B,CULTURAL FACILITIES CORPORATION,5,Changes to appropriation – Controlled Recurrent Payments ($’000),$'000,Arts and culture – operations for the new Lyric Theatre,0,3450,4691,3144,2009
Statement B,CULTURAL FACILITIES CORPORATION,5,Changes to appropriation – Controlled Recurrent Payments ($’000),$'000,2026-27 Budget Technical Adjustments,,,,,
Statement B,CULTURAL FACILITIES CORPORATION,5,Changes to appropriation – Controlled Recurrent Payments ($’000),$'000,Revised Indexation Parameter,0,0,0,0,190
Statement B,CULTURAL FACILITIES CORPORATION,5,Changes to appropriation – Controlled Recurrent Payments ($’000),$'000,Revised Superannuation Parameters,0,50,58,62,54
Statement B,CULTURAL FACILITIES CORPORATION,5,Changes to appropriation – Controlled Recurrent Payments ($’000),$'000,Revised Wages Parameters,0,93,0,0,0
Statement B,CULTURAL FACILITIES CORPORATION,5,Changes to appropriation – Controlled Recurrent Payments ($’000),$'000,Savings – Workers’ Compensation,0,-20,0,0,0
Statement B,CULTURAL FACILITIES CORPORATION,5,Changes to appropriation – Controlled Recurrent Payments ($’000),$'000,2026-27 Budget,10742,14184,15420,14201,13256
Statement B,CULTURAL FACILITIES CORPORATION,6,"Changes to appropriation – Capital Injections, Controlled ($’000)",$'000,2025-26 Budget,8141,4501,880,911,843
Statement B,CULTURAL FACILITIES CORPORATION,6,"Changes to appropriation – Capital Injections, Controlled ($’000)",$'000,2026-27 Budget Policy Decisions,,,,,
Statement B,CULTURAL FACILITIES CORPORATION,6,"Changes to appropriation – Capital Injections, Controlled ($’000)",$'000,2026-27 Capital Works Program savings measures,0,-448,-436,-279,-311
Statement B,CULTURAL FACILITIES CORPORATION,6,"Changes to appropriation – Capital Injections, Controlled ($’000)",$'000,Arts and culture – operations for the new Lyric Theatre,0,4767,5183,2592,0
Statement B,CULTURAL FACILITIES CORPORATION,6,"Changes to appropriation – Capital Injections, Controlled ($’000)",$'000,2026-27 Budget Technical Adjustments,0,0,0,0,0
Statement B,CULTURAL FACILITIES CORPORATION,6,"Changes to appropriation – Capital Injections, Controlled ($’000)",$'000,Revised Funding Profile - Canberra Theatre Centre expansion and redevelopment,-951,951,0,0,0
Statement B,CULTURAL FACILITIES CORPORATION,6,"Changes to appropriation – Capital Injections, Controlled ($’000)",$'000,Revised Funding Profile - Increased support for art and cultural venues,-357,357,0,0,0
Statement B,CULTURAL FACILITIES CORPORATION,6,"Changes to appropriation – Capital Injections, Controlled ($’000)",$'000,Revised Funding Profile - Lanyon Urgent Driveway Upgrades and Stabilisation of the Shearers' Precinct,-1164,0,1164,0,0
Statement B,CULTURAL FACILITIES CORPORATION,6,"Changes to appropriation – Capital Injections, Controlled ($’000)",$'000,Revised Funding Profile - Lanyon Homestead Upgrades,-498,498,0,0,0
Statement B,CULTURAL FACILITIES CORPORATION,6,"Changes to appropriation – Capital Injections, Controlled ($’000)",$'000,Revised Funding Profile - Mugga Mugga Cottage conservation works,-403,403,0,0,0
Statement B,CULTURAL FACILITIES CORPORATION,6,"Changes to appropriation – Capital Injections, Controlled ($’000)",$'000,Revised Funding Profile - Permanent exhibition space at Lanyon Homestead,54,-54,0,0,0
Statement B,CULTURAL FACILITIES CORPORATION,6,"Changes to appropriation – Capital Injections, Controlled ($’000)",$'000,Revised Funding Profile - Upgrading Lanyon Homestead,-246,246,0,0,0
Statement B,CULTURAL FACILITIES CORPORATION,6,"Changes to appropriation – Capital Injections, Controlled ($’000)",$'000,2026-27 Budget,4576,11221,6791,3224,532
Statement B,INDEPENDENT COMPETITION AND REGULATORY COMMISSION,4,Changes to appropriation – Controlled Recurrent Payments ($’000),$'000,2025-26 Budget,824,474,686,696,696
Statement B,INDEPENDENT COMPETITION AND REGULATORY COMMISSION,4,Changes to appropriation – Controlled Recurrent Payments ($’000),$'000,2026-27 Budget Technical Adjustments,,,,,
Statement B,INDEPENDENT COMPETITION AND REGULATORY COMMISSION,4,Changes to appropriation – Controlled Recurrent Payments ($’000),$'000,Energy Industry Levy Appropriation,0,200,147,147,147
Statement B,INDEPENDENT COMPETITION AND REGULATORY COMMISSION,4,Changes to appropriation – Controlled Recurrent Payments ($’000),$'000,2026-27 Budget,824,674,833,843,843
Statement B,OFFICE OF THE WORK HEALTH AND SAFETY COMMISSIONER,4,Changes to appropriation – Controlled Recurrent Payments ($’000),$'000,2025-26 Budget,16145,15997,16039,16113,16113
Statement B,OFFICE OF THE WORK HEALTH AND SAFETY COMMISSIONER,4,Changes to appropriation – Controlled Recurrent Payments ($’000),$'000,2026-27 Budget Policy Decisions,,,,,
Statement B,OFFICE OF THE WORK HEALTH AND SAFETY COMMISSIONER,4,Changes to appropriation – Controlled Recurrent Payments ($’000),$'000,Establishing an in-house prosecution function,0,179,364,369,375
Statement B,OFFICE OF THE WORK HEALTH AND SAFETY COMMISSIONER,4,Changes to appropriation – Controlled Recurrent Payments ($’000),$'000,iCBR’s infrastructure enabling services and management of government places,0,62,64,66,68
Statement B,OFFICE OF THE WORK HEALTH AND SAFETY COMMISSIONER,4,Changes to appropriation – Controlled Recurrent Payments ($’000),$'000,Accommodation savings as a result of new Government Office Buildings,0,26,0,0,0
Statement B,OFFICE OF THE WORK HEALTH AND SAFETY COMMISSIONER,4,Changes to appropriation – Controlled Recurrent Payments ($’000),$'000,2026-27 Budget Technical Adjustments,,,,,
Statement B,OFFICE OF THE WORK HEALTH AND SAFETY COMMISSIONER,4,Changes to appropriation – Controlled Recurrent Payments ($’000),$'000,Revised Wage Parameters,0,107,0,0,0
Statement B,OFFICE OF THE WORK HEALTH AND SAFETY COMMISSIONER,4,Changes to appropriation – Controlled Recurrent Payments ($’000),$'000,Revised Indexation Parameters,0,0,0,0,75
Statement B,OFFICE OF THE WORK HEALTH AND SAFETY COMMISSIONER,4,Changes to appropriation – Controlled Recurrent Payments ($’000),$'000,Revised Superannuation Parameters,0,34,35,37,37
Statement B,OFFICE OF THE WORK HEALTH AND SAFETY COMMISSIONER,4,Changes to appropriation – Controlled Recurrent Payments ($’000),$'000,2026-27 Budget,16145,16405,16502,16585,16668
Statement B,OFFICE OF THE WORK HEALTH AND SAFETY COMMISSIONER,5,"Changes to appropriation – Capital Injections, Controlled ($’000)",$'000,2025-26 Budget,526,0,0,0,0
Statement B,OFFICE OF THE WORK HEALTH AND SAFETY COMMISSIONER,5,"Changes to appropriation – Capital Injections, Controlled ($’000)",$'000,2026-27 Budget,526,0,0,0,0
Statement B,SUPERANNUATION PROVISION ACCOUNT,3,"Changes to Appropriation – Capital Injections, Territorial ($’000)",$'000,2025-26 Budget,451859,475550,499436,524578,524578
Statement B,SUPERANNUATION PROVISION ACCOUNT,3,"Changes to Appropriation – Capital Injections, Territorial ($’000)",$'000,2026-27 Budget Technical Adjustments,,,,,
Statement B,SUPERANNUATION PROVISION ACCOUNT,3,"Changes to Appropriation – Capital Injections, Territorial ($’000)",$'000,Estimated Outcome - Capital Injection Appropriation,0,3822,3534,3046,27138
Statement B,SUPERANNUATION PROVISION ACCOUNT,3,"Changes to Appropriation – Capital Injections, Territorial ($’000)",$'000,2026-27 Budget,451859,479372,502970,527624,551716
Statement C,HEALTH AND COMMUNITY SERVICES DIRECTORATE,26,Changes to appropriation – Controlled Recurrent Payments ($’000),$'000,2025-26 Budget,608441,506338,502191,509601,504973
Statement C,HEALTH AND COMMUNITY SERVICES DIRECTORATE,26,Changes to appropriation – Controlled Recurrent Payments ($’000),$'000,2025-26 Budget Review,0,0,0,0,0
Statement C,HEALTH AND COMMUNITY SERVICES DIRECTORATE,26,Changes to appropriation – Controlled Recurrent Payments ($’000),$'000,Continued support for the Aboriginal and Torres Strait Islander Elected Body,259,519,0,0,0
Statement C,HEALTH AND COMMUNITY SERVICES DIRECTORATE,26,Changes to appropriation – Controlled Recurrent Payments ($’000),$'000,More support for out of home care,15068,0,0,0,0
Statement C,HEALTH AND COMMUNITY SERVICES DIRECTORATE,26,Changes to appropriation – Controlled Recurrent Payments ($’000),$'000,Offset - More support for out of home care,-1011,0,0,0,0
Statement C,HEALTH AND COMMUNITY SERVICES DIRECTORATE,26,Changes to appropriation – Controlled Recurrent Payments ($’000),$'000,FMA Section 16B Rollovers from 2024-25,,,,,
Statement C,HEALTH AND COMMUNITY SERVICES DIRECTORATE,26,Changes to appropriation – Controlled Recurrent Payments ($’000),$'000,"Strengthening mental health support services for families, adolescents, and young children",1300,1200,1230,270,0
Statement C,HEALTH AND COMMUNITY SERVICES DIRECTORATE,26,Changes to appropriation – Controlled Recurrent Payments ($’000),$'000,2026-27 Budget Policy Decisions,,,,,
Statement C,HEALTH AND COMMUNITY SERVICES DIRECTORATE,26,Changes to appropriation – Controlled Recurrent Payments ($’000),$'000,Aboriginal and Torres Strait Islander community leadership on justice overrepresentation,59,535,0,0,0
Statement C,HEALTH AND COMMUNITY SERVICES DIRECTORATE,26,Changes to appropriation – Controlled Recurrent Payments ($’000),$'000,Aboriginal and Torres Strait Islander perinatal mental health space,0,250,250,300,400
Statement C,HEALTH AND COMMUNITY SERVICES DIRECTORATE,26,Changes to appropriation – Controlled Recurrent Payments ($’000),$'000,Offset - Aboriginal and Torres Strait Islander perinatal mental health space,-500,0,0,0,0
Statement C,HEALTH AND COMMUNITY SERVICES DIRECTORATE,26,Changes to appropriation – Controlled Recurrent Payments ($’000),$'000,Addressing period poverty in the ACT,0,20,20,20,20
Statement C,HEALTH AND COMMUNITY SERVICES DIRECTORATE,26,Changes to appropriation – Controlled Recurrent Payments ($’000),$'000,Offset - Addressing period poverty in the ACT,0,-20,-20,-20,-20
Statement C,HEALTH AND COMMUNITY SERVICES DIRECTORATE,26,Changes to appropriation – Controlled Recurrent Payments ($’000),$'000,Better care for our community – Delivering better medicine management,0,1544,2146,473,245
Statement C,HEALTH AND COMMUNITY SERVICES DIRECTORATE,26,Changes to appropriation – Controlled Recurrent Payments ($’000),$'000,Better care for our community – Delivering the Maternity in Focus: Second Action Plan 2026-29,0,134,154,174,164
Statement C,HEALTH AND COMMUNITY SERVICES DIRECTORATE,26,Changes to appropriation – Controlled Recurrent Payments ($’000),$'000,Offset - Better care for our community – Delivering the Maternity in Focus: Second Action Plan 2026-29,0,-134,-154,-174,-164
Statement C,HEALTH AND COMMUNITY SERVICES DIRECTORATE,26,Changes to appropriation – Controlled Recurrent Payments ($’000),$'000,Building safer communities – Strengthening DFSV system foundations,0,1217,1121,790,431
Statement C,HEALTH AND COMMUNITY SERVICES DIRECTORATE,26,Changes to appropriation – Controlled Recurrent Payments ($’000),$'000,Offset - Building safer communities – Strengthening DFSV system foundations,0,-189,-190,-107,-107
Statement C,HEALTH AND COMMUNITY SERVICES DIRECTORATE,26,Changes to appropriation – Controlled Recurrent Payments ($’000),$'000,Building safer communities – Supporting DFSV frontline services,0,8105,11741,10410,12361
Statement C,HEALTH AND COMMUNITY SERVICES DIRECTORATE,26,Changes to appropriation – Controlled Recurrent Payments ($’000),$'000,Offset Building safer communities – Supporting DFSV frontline services,-230,-745,-1426,-1462,-1498
Statement C,HEALTH AND COMMUNITY SERVICES DIRECTORATE,26,Changes to appropriation – Controlled Recurrent Payments ($’000),$'000,Community Sector Indexation,0,2288,1984,1990,1962
Statement C,HEALTH AND COMMUNITY SERVICES DIRECTORATE,26,Changes to appropriation – Controlled Recurrent Payments ($’000),$'000,Continued delivery of minimum age of criminal responsibility reforms,0,531,954,554,566
Statement C,HEALTH AND COMMUNITY SERVICES DIRECTORATE,26,Changes to appropriation – Controlled Recurrent Payments ($’000),$'000,Continuing humanitarian support funding,0,-184,0,0,0
Statement C,HEALTH AND COMMUNITY SERVICES DIRECTORATE,26,Changes to appropriation – Controlled Recurrent Payments ($’000),$'000,Continued support for no cost abortion services,0,835,0,0,0
Statement C,HEALTH AND COMMUNITY SERVICES DIRECTORATE,26,Changes to appropriation – Controlled Recurrent Payments ($’000),$'000,Offset – Continued support for no cost abortion services,0,-500,0,0,0
Statement C,HEALTH AND COMMUNITY SERVICES DIRECTORATE,26,Changes to appropriation – Controlled Recurrent Payments ($’000),$'000,Continuing autism assessment services,0,200,0,0,0
Statement C,HEALTH AND COMMUNITY SERVICES DIRECTORATE,26,Changes to appropriation – Controlled Recurrent Payments ($’000),$'000,Offset - Continuing autism assessment services,0,-200,0,0,0
Statement C,HEALTH AND COMMUNITY SERVICES DIRECTORATE,26,Changes to appropriation – Controlled Recurrent Payments ($’000),$'000,Continuing humanitarian support funding,0,285,0,0,0
Statement C,HEALTH AND COMMUNITY SERVICES DIRECTORATE,26,Changes to appropriation – Controlled Recurrent Payments ($’000),$'000,Continuing the Children and Young People Equipment Loan Scheme,0,263,0,0,0
Statement C,HEALTH AND COMMUNITY SERVICES DIRECTORATE,26,Changes to appropriation – Controlled Recurrent Payments ($’000),$'000,Offset - Continuing the Children and Young People Equipment Loan Scheme,0,-263,0,0,0
Statement C,HEALTH AND COMMUNITY SERVICES DIRECTORATE,26,Changes to appropriation – Controlled Recurrent Payments ($’000),$'000,Delivering for Aboriginal and Torres Strait Islander Canberrans,0,1514,418,0,0
Statement C,HEALTH AND COMMUNITY SERVICES DIRECTORATE,26,Changes to appropriation – Controlled Recurrent Payments ($’000),$'000,Offset - Delivering for Aboriginal and Torres Strait Islander Canberrans,0,-815,-183,0,0
Statement C,HEALTH AND COMMUNITY SERVICES DIRECTORATE,26,Changes to appropriation – Controlled Recurrent Payments ($’000),$'000,Delivering the National Multicultural Festival,0,3274,3330,3388,3442
Statement C,HEALTH AND COMMUNITY SERVICES DIRECTORATE,26,Changes to appropriation – Controlled Recurrent Payments ($’000) (Cont’d),$'000,Offset – Delivering the National Multicultural Festival,0,-1444,-1463,-1483,-1504
Statement C,HEALTH AND COMMUNITY SERVICES DIRECTORATE,26,Changes to appropriation – Controlled Recurrent Payments ($’000) (Cont’d),$'000,Intensive therapeutic placements and extraordinary residential care,0,22457,0,0,0
Statement C,HEALTH AND COMMUNITY SERVICES DIRECTORATE,26,Changes to appropriation – Controlled Recurrent Payments ($’000) (Cont’d),$'000,Outpatient transport for patients with chronic conditions,0,300,359,318,327
Statement C,HEALTH AND COMMUNITY SERVICES DIRECTORATE,26,Changes to appropriation – Controlled Recurrent Payments ($’000) (Cont’d),$'000,Offset - Outpatient transport for patients with chronic conditions,0,-300,-359,-318,-327
Statement C,HEALTH AND COMMUNITY SERVICES DIRECTORATE,26,Changes to appropriation – Controlled Recurrent Payments ($’000) (Cont’d),$'000,Strengthening community services and inclusion,0,262,266,191,175
Statement C,HEALTH AND COMMUNITY SERVICES DIRECTORATE,26,Changes to appropriation – Controlled Recurrent Payments ($’000) (Cont’d),$'000,Offset - Strengthening community services and inclusion,-197,-35,-35,-18,0
Statement C,HEALTH AND COMMUNITY SERVICES DIRECTORATE,26,Changes to appropriation – Controlled Recurrent Payments ($’000) (Cont’d),$'000,Support for Sexual Health and Family Planning ACT,0,100,0,0,0
Statement C,HEALTH AND COMMUNITY SERVICES DIRECTORATE,26,Changes to appropriation – Controlled Recurrent Payments ($’000) (Cont’d),$'000,Supporting a strong and responsive community sector,0,5999,750,0,0
Statement C,HEALTH AND COMMUNITY SERVICES DIRECTORATE,26,Changes to appropriation – Controlled Recurrent Payments ($’000) (Cont’d),$'000,Supporting disability services – Design and implementation of Thriving Kids,0,14802,1114,1129,0
Statement C,HEALTH AND COMMUNITY SERVICES DIRECTORATE,26,Changes to appropriation – Controlled Recurrent Payments ($’000) (Cont’d),$'000,Offset - Supporting a strong and responsive community sector,0,-5052,0,0,0
Statement C,HEALTH AND COMMUNITY SERVICES DIRECTORATE,26,Changes to appropriation – Controlled Recurrent Payments ($’000) (Cont’d),$'000,Offset - Supporting disability services – Design and implementation of Thriving Kids,0,-659,-668,-677,0
Statement C,HEALTH AND COMMUNITY SERVICES DIRECTORATE,26,Changes to appropriation – Controlled Recurrent Payments ($’000) (Cont’d),$'000,Supporting our health workforce – Continued support for the Indigenous Allied Health Australia ACT Health Academy,0,451,462,474,486
Statement C,HEALTH AND COMMUNITY SERVICES DIRECTORATE,26,Changes to appropriation – Controlled Recurrent Payments ($’000) (Cont’d),$'000,Supporting the Bimberi Youth Justice Centre,0,1660,1138,1155,1174
Statement C,HEALTH AND COMMUNITY SERVICES DIRECTORATE,26,Changes to appropriation – Controlled Recurrent Payments ($’000) (Cont’d),$'000,Offset - Supporting the Bimberi Youth Justice Centre,0,-615,-20,-20,-21
Statement C,HEALTH AND COMMUNITY SERVICES DIRECTORATE,26,Changes to appropriation – Controlled Recurrent Payments ($’000) (Cont’d),$'000,Voluntary Assisted Dying – Exploring access for people who lose capacity,-1881,1558,1494,0,0
Statement C,HEALTH AND COMMUNITY SERVICES DIRECTORATE,26,Changes to appropriation – Controlled Recurrent Payments ($’000) (Cont’d),$'000,2026-27 Budget Technical Adjustments,,,,,
Statement C,HEALTH AND COMMUNITY SERVICES DIRECTORATE,26,Changes to appropriation – Controlled Recurrent Payments ($’000) (Cont’d),$'000,Commonwealth Grant - Essential Vaccines,0,73,109,193,-31
Statement C,HEALTH AND COMMUNITY SERVICES DIRECTORATE,26,Changes to appropriation – Controlled Recurrent Payments ($’000) (Cont’d),$'000,Commonwealth Grant - Family Law Information Sharing,379,385,390,0,0
Statement C,HEALTH AND COMMUNITY SERVICES DIRECTORATE,26,Changes to appropriation – Controlled Recurrent Payments ($’000) (Cont’d),$'000,"Commonwealth Grant - Family, Domestic and Sexual Violence Responses Agreement - Family, domestic and sexual violence responses",0,0,0,0,28
Statement C,HEALTH AND COMMUNITY SERVICES DIRECTORATE,26,Changes to appropriation – Controlled Recurrent Payments ($’000) (Cont’d),$'000,"Commonwealth Grant - Family, Domestic and Sexual Violence Responses Agreement - 500 community sector and frontline workers",0,36,36,36,36
Statement C,HEALTH AND COMMUNITY SERVICES DIRECTORATE,26,Changes to appropriation – Controlled Recurrent Payments ($’000) (Cont’d),$'000,Commonwealth Grant - Illicit Tobacco Compliance and Enforcement Package,0,350,350,0,0
Statement C,HEALTH AND COMMUNITY SERVICES DIRECTORATE,26,Changes to appropriation – Controlled Recurrent Payments ($’000) (Cont’d),$'000,Commonwealth Grant - Medicare Urgent Care Clinics,0,272,272,284,291
Statement C,HEALTH AND COMMUNITY SERVICES DIRECTORATE,26,Changes to appropriation – Controlled Recurrent Payments ($’000) (Cont’d),$'000,Commonwealth Grant - National Health Reform Agreement,0,-263,-355,-462,-518
Statement C,HEALTH AND COMMUNITY SERVICES DIRECTORATE,26,Changes to appropriation – Controlled Recurrent Payments ($’000) (Cont’d),$'000,Commonwealth Grant - National Mental Health and Suicide Prevention Agreement,0,3794,0,0,0
Statement C,HEALTH AND COMMUNITY SERVICES DIRECTORATE,26,Changes to appropriation – Controlled Recurrent Payments ($’000) (Cont’d),$'000,Commonwealth Grant - Primary Care Pilots,420,1040,620,0,0
Statement C,HEALTH AND COMMUNITY SERVICES DIRECTORATE,26,Changes to appropriation – Controlled Recurrent Payments ($’000) (Cont’d),$'000,Offset – Continue the North Canberra Hospital Transition,-3500,0,0,0,0
Statement C,HEALTH AND COMMUNITY SERVICES DIRECTORATE,26,Changes to appropriation – Controlled Recurrent Payments ($’000) (Cont’d),$'000,Other Technical Adjustments,0,0,-410,-2673,-2623
Statement C,HEALTH AND COMMUNITY SERVICES DIRECTORATE,26,Changes to appropriation – Controlled Recurrent Payments ($’000) (Cont’d),$'000,Reversal of Watson Health Precinct,-1699,0,0,0,0
Statement C,HEALTH AND COMMUNITY SERVICES DIRECTORATE,26,Changes to appropriation – Controlled Recurrent Payments ($’000) (Cont’d),$'000,Revised Funding Profile - Creating a more inclusive Canberra through the ACT Disability Strategy 2024-2033,-538,538,0,0,0
Statement C,HEALTH AND COMMUNITY SERVICES DIRECTORATE,26,Changes to appropriation – Controlled Recurrent Payments ($’000) (Cont’d),$'000,Revised Funding Profile - Essential Vaccines,-400,400,0,0,0
Statement C,HEALTH AND COMMUNITY SERVICES DIRECTORATE,26,Changes to appropriation – Controlled Recurrent Payments ($’000) (Cont’d),$'000,"Revised Funding Profile - Family, Domestic and Sexual Violence Responses Agreement - Innovative perpetrator responses",-736,736,0,0,0
Statement C,HEALTH AND COMMUNITY SERVICES DIRECTORATE,26,Changes to appropriation – Controlled Recurrent Payments ($’000) (Cont’d),$'000,Revised Funding Profile – Government response to the Sexual Assault (Police) Review Report,-76,76,0,0,0
Statement C,HEALTH AND COMMUNITY SERVICES DIRECTORATE,26,Changes to appropriation – Controlled Recurrent Payments ($’000) (Cont’d),$'000,Revised Funding Profile – Improving affordability and access to GPs,-954,954,0,0,0
Statement C,HEALTH AND COMMUNITY SERVICES DIRECTORATE,26,Changes to appropriation – Controlled Recurrent Payments ($’000) (Cont’d),$'000,Revised Funding Profile - Primary Care Pilots,-271,271,0,0,0
Statement C,HEALTH AND COMMUNITY SERVICES DIRECTORATE,26,Changes to appropriation – Controlled Recurrent Payments ($’000) (Cont’d),$'000,Revised Funding Profile - Smoking and Vaping Cessation,-100,100,0,0,0
Statement C,HEALTH AND COMMUNITY SERVICES DIRECTORATE,26,Changes to appropriation – Controlled Recurrent Payments ($’000) (Cont’d),$'000,Revised Funding Profile - Transitioning the Ngunnawal Bush Healing Farm to Community-control and residential services (previously Residential Services Delivery Trial),-1327,664,663,0,0
Statement C,HEALTH AND COMMUNITY SERVICES DIRECTORATE,26,Changes to appropriation – Controlled Recurrent Payments ($’000) (Cont’d),$'000,Revised Indexation Parameters,180,453,668,788,11563
Statement C,HEALTH AND COMMUNITY SERVICES DIRECTORATE,26,Changes to appropriation – Controlled Recurrent Payments ($’000) (Cont’d),$'000,Revised Superannuation Parameters,0,1623,1879,2058,2098
Statement C,HEALTH AND COMMUNITY SERVICES DIRECTORATE,26,Changes to appropriation – Controlled Recurrent Payments ($’000) (Cont’d),$'000,Revised Wage Parameters,0,1681,0,0,0
Statement C,HEALTH AND COMMUNITY SERVICES DIRECTORATE,26,Changes to appropriation – Controlled Recurrent Payments ($’000) (Cont’d),$'000,Savings- Investing in public services – Strengthening government procurement,0,-178,-181,-96,-97
Statement C,HEALTH AND COMMUNITY SERVICES DIRECTORATE,26,Changes to appropriation – Controlled Recurrent Payments ($’000) (Cont’d),$'000,Savings - Return of prior year Government Accommodation savings,0,478,0,0,0
Statement C,HEALTH AND COMMUNITY SERVICES DIRECTORATE,26,Changes to appropriation – Controlled Recurrent Payments ($’000) (Cont’d),$'000,Savings – Workers’ Compensation Contribution,0,-1825,0,0,0
Statement C,HEALTH AND COMMUNITY SERVICES DIRECTORATE,26,Changes to appropriation – Controlled Recurrent Payments ($’000) (Cont’d),$'000,Transfer - Administrative on-costs to CMTEDD and DCBR,0,-332,-184,-181,-185
Statement C,HEALTH AND COMMUNITY SERVICES DIRECTORATE,26,Changes to appropriation – Controlled Recurrent Payments ($’000) (Cont’d),$'000,Transfer - Capital Injection to CRP - Enabling Works and Infrastructure Enhancements at the New Northside Hospital for the Alcohol and Other Drugs feasibility study,160,0,0,0,0
Statement C,HEALTH AND COMMUNITY SERVICES DIRECTORATE,26,Changes to appropriation – Controlled Recurrent Payments ($’000) (Cont’d),$'000,Transfer - Capital Injection to CRP - New Health Centres Across the ACT - for the West Belconnen early planning feasibility study,160,340,0,0,0
Statement C,HEALTH AND COMMUNITY SERVICES DIRECTORATE,26,Changes to appropriation – Controlled Recurrent Payments ($’000) (Cont’d),$'000,Transfer - Capital Injection to CRP - Next Steps for the Canberra Hospital Master Plan for the Mental Health Precinct feasibility study,50,0,0,0,0
Statement C,HEALTH AND COMMUNITY SERVICES DIRECTORATE,26,Changes to appropriation – Controlled Recurrent Payments ($’000) (Cont’d),$'000,Transfer - Clinical Placement Office to CHS,0,-622,-638,-655,-664
Statement C,HEALTH AND COMMUNITY SERVICES DIRECTORATE,26,Changes to appropriation – Controlled Recurrent Payments ($’000) (Cont’d),$'000,Transfer - Continuing humanitarian grants programs to Housing ACT,-238,-507,-519,-530,-545
Statement C,HEALTH AND COMMUNITY SERVICES DIRECTORATE,26,Changes to appropriation – Controlled Recurrent Payments ($’000) (Cont’d),$'000,Transfer - Corporate functions from HCSD to DCBR,-17533,-17979,-18436,-18842,-19258
Statement C,HEALTH AND COMMUNITY SERVICES DIRECTORATE,26,Changes to appropriation – Controlled Recurrent Payments ($’000) (Cont’d),$'000,Transfer - CRP to Payments on Behalf of the Territory for increased NDIS contribution,-1617,0,0,0,0
Statement C,HEALTH AND COMMUNITY SERVICES DIRECTORATE,26,Changes to appropriation – Controlled Recurrent Payments ($’000) (Cont’d),$'000,Transfer - ICT Funding from HCSD to CHS,0,-6962,-7146,-7336,-7530
Statement C,HEALTH AND COMMUNITY SERVICES DIRECTORATE,26,Changes to appropriation – Controlled Recurrent Payments ($’000) (Cont’d),$'000,Transfer - Pharmacy guild from CHS to HCSD,0,318,326,335,344
Statement C,HEALTH AND COMMUNITY SERVICES DIRECTORATE,26,Changes to appropriation – Controlled Recurrent Payments ($’000) (Cont’d),$'000,Transfer - Research and Ethics funding from HCSD to CHS,0,-195,-201,-207,-213
Statement C,HEALTH AND COMMUNITY SERVICES DIRECTORATE,26,Changes to appropriation – Controlled Recurrent Payments ($’000) (Cont’d),$'000,Transfer - Return of Rent funding transfer from iCBR to HCSD,0,424,438,452,467
Statement C,HEALTH AND COMMUNITY SERVICES DIRECTORATE,26,Changes to appropriation – Controlled Recurrent Payments ($’000) (Cont’d),$'000,2026-27 Budget,593668,551629,504285,500122,506248
Statement C,HEALTH AND COMMUNITY SERVICES DIRECTORATE,27,Changes to Appropriation – Expenses on Behalf of the Territory ($’000),$'000,2025-26 Budget,206692,216727,225396,234412,234412
Statement C,HEALTH AND COMMUNITY SERVICES DIRECTORATE,27,Changes to Appropriation – Expenses on Behalf of the Territory ($’000),$'000,2026-27 Budget Technical Adjustments,,,,,
Statement C,HEALTH AND COMMUNITY SERVICES DIRECTORATE,27,Changes to Appropriation – Expenses on Behalf of the Territory ($’000),$'000,Revised Indexation Parameters,0,0,0,0,9376
Statement C,HEALTH AND COMMUNITY SERVICES DIRECTORATE,27,Changes to Appropriation – Expenses on Behalf of the Territory ($’000),$'000,Transfer - CRP to Payments of Behalf on the Territory for increased NDIS contribution,1617,0,0,0,0
Statement C,HEALTH AND COMMUNITY SERVICES DIRECTORATE,27,Changes to Appropriation – Expenses on Behalf of the Territory ($’000),$'000,2026-27 Budget,208309,216727,225396,234412,243788
Statement C,HEALTH AND COMMUNITY SERVICES DIRECTORATE,28,"Changes to appropriation – Capital Injections, Controlled ($’000)",$'000,2025-26 Budget,32672,10364,1990,1361,1415
Statement C,HEALTH AND COMMUNITY SERVICES DIRECTORATE,28,"Changes to appropriation – Capital Injections, Controlled ($’000)",$'000,FMA Section 16B Rollovers from 2024-25,,,,,
Statement C,HEALTH AND COMMUNITY SERVICES DIRECTORATE,28,"Changes to appropriation – Capital Injections, Controlled ($’000)",$'000,ACT Government Analytical Laboratory modernisation project,9,0,0,0,0
Statement C,HEALTH AND COMMUNITY SERVICES DIRECTORATE,28,"Changes to appropriation – Capital Injections, Controlled ($’000)",$'000,Asset Renewal Program 2024-25,232,0,0,0,0
Statement C,HEALTH AND COMMUNITY SERVICES DIRECTORATE,28,"Changes to appropriation – Capital Injections, Controlled ($’000)",$'000,CHHP - Alcohol & Other Rehabilitation Expansion & Modernisation,-80,0,0,0,0
Statement C,HEALTH AND COMMUNITY SERVICES DIRECTORATE,28,"Changes to appropriation – Capital Injections, Controlled ($’000)",$'000,CHHP - Expanding public healthcare services for eating disorders,76,0,0,0,0
Statement C,HEALTH AND COMMUNITY SERVICES DIRECTORATE,28,"Changes to appropriation – Capital Injections, Controlled ($’000)",$'000,Construction of the purpose built facility with the Gugan Gulwan Youth Aboriginal Corporation - Community Support and Connectedness,117,0,0,0,0
Statement C,HEALTH AND COMMUNITY SERVICES DIRECTORATE,28,"Changes to appropriation – Capital Injections, Controlled ($’000)",$'000,Continuation of the Children and Young People Equipment Loan Scheme,51,0,0,0,0
Statement C,HEALTH AND COMMUNITY SERVICES DIRECTORATE,28,"Changes to appropriation – Capital Injections, Controlled ($’000)",$'000,Detailed design for the New Northside Hospital,483,0,0,0,0
Statement C,HEALTH AND COMMUNITY SERVICES DIRECTORATE,28,"Changes to appropriation – Capital Injections, Controlled ($’000)",$'000,Expanding health centres across the city,1172,0,0,0,0
Statement C,HEALTH AND COMMUNITY SERVICES DIRECTORATE,28,"Changes to appropriation – Capital Injections, Controlled ($’000)",$'000,Implementation of the Canberra Hospital Master Plan,801,0,0,0,0
Statement C,HEALTH AND COMMUNITY SERVICES DIRECTORATE,28,"Changes to appropriation – Capital Injections, Controlled ($’000)",$'000,Improvements at the Ngunnawal Bush Healing Farm,114,0,0,0,0
Statement C,HEALTH AND COMMUNITY SERVICES DIRECTORATE,28,"Changes to appropriation – Capital Injections, Controlled ($’000)",$'000,Measures to reduce harm across the community,50,0,0,0,0
Statement C,HEALTH AND COMMUNITY SERVICES DIRECTORATE,28,"Changes to appropriation – Capital Injections, Controlled ($’000)",$'000,Modernising Analytical Laboratory,47,0,0,0,0
Statement C,HEALTH AND COMMUNITY SERVICES DIRECTORATE,28,"Changes to appropriation – Capital Injections, Controlled ($’000)",$'000,More alcohol and other drug services - Continuing support for treatments and services in the community (Canberra Script),43,0,0,0,0
Statement C,HEALTH AND COMMUNITY SERVICES DIRECTORATE,28,"Changes to appropriation – Capital Injections, Controlled ($’000)",$'000,New Health Centres across the ACT,592,0,0,0,0
Statement C,HEALTH AND COMMUNITY SERVICES DIRECTORATE,28,"Changes to appropriation – Capital Injections, Controlled ($’000)",$'000,New works to maintain the Therapeutic Residential Care,1792,0,0,0,0
Statement C,HEALTH AND COMMUNITY SERVICES DIRECTORATE,28,"Changes to appropriation – Capital Injections, Controlled ($’000)",$'000,Next Steps for Our Kids Strategy 2022-2030 – New Residential Care Properties,-1268,0,0,0,0
Statement C,HEALTH AND COMMUNITY SERVICES DIRECTORATE,28,"Changes to appropriation – Capital Injections, Controlled ($’000)",$'000,Planning the next stages of the Canberra Hospital Expansion,73,0,0,0,0
Statement C,HEALTH AND COMMUNITY SERVICES DIRECTORATE,28,"Changes to appropriation – Capital Injections, Controlled ($’000)",$'000,Southside Hydrotherapy Pool - improving access to hydrotherapy services,892,0,0,0,0
Statement C,HEALTH AND COMMUNITY SERVICES DIRECTORATE,28,"Changes to appropriation – Capital Injections, Controlled ($’000)",$'000,2026-27 Budget Policy Decisions,,,,,
Statement C,HEALTH AND COMMUNITY SERVICES DIRECTORATE,28,"Changes to appropriation – Capital Injections, Controlled ($’000)",$'000,Better care for our community – Delivering better medicine management,0,811,1911,330,330
Statement C,HEALTH AND COMMUNITY SERVICES DIRECTORATE,28,"Changes to appropriation – Capital Injections, Controlled ($’000) (Cont’d)",$'000,Continuing the Children and Young People Equipment Loan Scheme,-50,50,0,0,0
Statement C,HEALTH AND COMMUNITY SERVICES DIRECTORATE,28,"Changes to appropriation – Capital Injections, Controlled ($’000) (Cont’d)",$'000,Implementing the Assisted Reproductive Technology Bill 2023,0,1000,0,0,0
Statement C,HEALTH AND COMMUNITY SERVICES DIRECTORATE,28,"Changes to appropriation – Capital Injections, Controlled ($’000) (Cont’d)",$'000,Supporting the Bimberi Youth Justice Centre,0,561,0,0,0
Statement C,HEALTH AND COMMUNITY SERVICES DIRECTORATE,28,"Changes to appropriation – Capital Injections, Controlled ($’000) (Cont’d)",$'000,2026-27 Budget Technical Adjustments,,,,,
Statement C,HEALTH AND COMMUNITY SERVICES DIRECTORATE,28,"Changes to appropriation – Capital Injections, Controlled ($’000) (Cont’d)",$'000,Reprofiling - ACT Government Analytical Laboratory modernisation project,-414,414,0,0,0
Statement C,HEALTH AND COMMUNITY SERVICES DIRECTORATE,28,"Changes to appropriation – Capital Injections, Controlled ($’000) (Cont’d)",$'000,Reprofiling - Asset Renewal Program (ARP),-193,193,0,0,0
Statement C,HEALTH AND COMMUNITY SERVICES DIRECTORATE,28,"Changes to appropriation – Capital Injections, Controlled ($’000) (Cont’d)",$'000,Reprofiling - CHHP - Alcohol & Other Rehabilitation Expansion & Modernisation,-221,221,0,0,0
Statement C,HEALTH AND COMMUNITY SERVICES DIRECTORATE,28,"Changes to appropriation – Capital Injections, Controlled ($’000) (Cont’d)",$'000,Reprofiling - Detailed design for the New Northside Hospital,-2483,2483,0,0,0
Statement C,HEALTH AND COMMUNITY SERVICES DIRECTORATE,28,"Changes to appropriation – Capital Injections, Controlled ($’000) (Cont’d)",$'000,Reprofiling - Enabling works for the new northside hospital and enhancing health infrastructure at North Canberra Hospital,-1173,1173,0,0,0
Statement C,HEALTH AND COMMUNITY SERVICES DIRECTORATE,28,"Changes to appropriation – Capital Injections, Controlled ($’000) (Cont’d)",$'000,Reprofiling - Implementation of the Canberra Hospital Master Plan – transforming the Canberra Hospital Campus,-1829,1069,760,0,0
Statement C,HEALTH AND COMMUNITY SERVICES DIRECTORATE,28,"Changes to appropriation – Capital Injections, Controlled ($’000) (Cont’d)",$'000,Reprofiling - More alcohol and other drug services - Continuing support for treatments and services in the community (Canberra Script),-561,561,0,0,0
Statement C,HEALTH AND COMMUNITY SERVICES DIRECTORATE,28,"Changes to appropriation – Capital Injections, Controlled ($’000) (Cont’d)",$'000,Reprofiling - More alcohol and other drug services – Ngunnawal Bush Healing Farm - Residential Service delivery trial,-114,114,0,0,0
Statement C,HEALTH AND COMMUNITY SERVICES DIRECTORATE,28,"Changes to appropriation – Capital Injections, Controlled ($’000) (Cont’d)",$'000,Reprofiling - Next steps for the Canberra Hospital Masterplan,-1400,-710,1310,800,0
Statement C,HEALTH AND COMMUNITY SERVICES DIRECTORATE,28,"Changes to appropriation – Capital Injections, Controlled ($’000) (Cont’d)",$'000,Reprofiling - Southside Hydrotherapy Pool – improving access to hydrotherapy services,-386,386,0,0,0
Statement C,HEALTH AND COMMUNITY SERVICES DIRECTORATE,28,"Changes to appropriation – Capital Injections, Controlled ($’000) (Cont’d)",$'000,Savings - Asset Renewal Program (ARP),0,-477,-732,-468,-522
Statement C,HEALTH AND COMMUNITY SERVICES DIRECTORATE,28,"Changes to appropriation – Capital Injections, Controlled ($’000) (Cont’d)",$'000,Transfer - Capital Injection to CRP - Enabling Works and Infrastructure Enhancements at the New Northside Hospital for the Alcohol and Other Drugs feasibility study,-160,0,0,0,0
Statement C,HEALTH AND COMMUNITY SERVICES DIRECTORATE,28,"Changes to appropriation – Capital Injections, Controlled ($’000) (Cont’d)",$'000,Transfer - Capital Injection to CRP - New Health Centres Across the ACT - for the West Belconnen early planning feasibility study,-500,0,0,0,0
Statement C,HEALTH AND COMMUNITY SERVICES DIRECTORATE,28,"Changes to appropriation – Capital Injections, Controlled ($’000) (Cont’d)",$'000,Transfer - Capital Injection to CRP - Next Steps for the Canberra Hospital Master Plan for the Mental Health Precinct feasibility study,-50,0,0,0,0
Statement C,HEALTH AND COMMUNITY SERVICES DIRECTORATE,28,"Changes to appropriation – Capital Injections, Controlled ($’000) (Cont’d)",$'000,Transfer - Implementation of the Canberra Hospital Master Plan from HCSD to CHS,-230,0,0,0,0
Statement C,HEALTH AND COMMUNITY SERVICES DIRECTORATE,28,"Changes to appropriation – Capital Injections, Controlled ($’000) (Cont’d)",$'000,Transfer - Implementation of the Canberra Hospital Master Plan from HCSD to iCBR,-1700,0,0,0,0
Statement C,HEALTH AND COMMUNITY SERVICES DIRECTORATE,28,"Changes to appropriation – Capital Injections, Controlled ($’000) (Cont’d)",$'000,Transfer - Next steps for the Canberra Hospital Masterplan from HCSD to CHS,-465,-700,0,0,0
Statement C,HEALTH AND COMMUNITY SERVICES DIRECTORATE,28,"Changes to appropriation – Capital Injections, Controlled ($’000) (Cont’d)",$'000,Transfer - Next steps for the Canberra Hospital Masterplan from HCSD to iCBR,-5685,-3725,0,0,0
Statement C,HEALTH AND COMMUNITY SERVICES DIRECTORATE,28,"Changes to appropriation – Capital Injections, Controlled ($’000) (Cont’d)",$'000,Transfer - Planning the next stages of the Canberra Hospital Expansion from HCSD to CHS,-605,0,0,0,0
Statement C,HEALTH AND COMMUNITY SERVICES DIRECTORATE,28,"Changes to appropriation – Capital Injections, Controlled ($’000) (Cont’d)",$'000,2026-27 Budget,19649,13788,5239,2023,1223
Statement C,ACT LOCAL HOSPITAL NETWORK,4,Changes to appropriation – Controlled Recurrent Payments ($’000),$'000,2025-26 Budget,1484949,1332903,1344152,1356731,1357039
Statement C,ACT LOCAL HOSPITAL NETWORK,4,Changes to appropriation – Controlled Recurrent Payments ($’000),$'000,2026-27 Budget Policy Decisions,,,,,
Statement C,ACT LOCAL HOSPITAL NETWORK,4,Changes to appropriation – Controlled Recurrent Payments ($’000),$'000,Better care for our community – High risk breast cancer screening at NCH,0,882,905,928,952
Statement C,ACT LOCAL HOSPITAL NETWORK,4,Changes to appropriation – Controlled Recurrent Payments ($’000),$'000,Better care for our community – Lung cancer specialist services,0,2903,2980,3058,3140
Statement C,ACT LOCAL HOSPITAL NETWORK,4,Changes to appropriation – Controlled Recurrent Payments ($’000),$'000,Improving Canberra's health infrastructure – Strategic medical equipment replacement,0,239,250,0,0
Statement C,ACT LOCAL HOSPITAL NETWORK,4,Changes to appropriation – Controlled Recurrent Payments ($’000),$'000,Investing in public health care – Acute Palliative Care Unit implementation,0,2447,5319,6324,6434
Statement C,ACT LOCAL HOSPITAL NETWORK,4,Changes to appropriation – Controlled Recurrent Payments ($’000),$'000,Investing in public health care – Opening the South Tuggeranong Health Centre,0,695,1093,1121,1150
Statement C,ACT LOCAL HOSPITAL NETWORK,4,Changes to appropriation – Controlled Recurrent Payments ($’000),$'000,Investing in public health care – Paediatric Orthopaedic Service and Fracture Clinic,0,1069,2246,2364,2489
Statement C,ACT LOCAL HOSPITAL NETWORK,4,Changes to appropriation – Controlled Recurrent Payments ($’000),$'000,Investing in public health care – Responding to health care demand,0,169487,0,0,0
Statement C,ACT LOCAL HOSPITAL NETWORK,4,Changes to appropriation – Controlled Recurrent Payments ($’000),$'000,Supporting our health workforce – Insourcing cleaning and food services,0,11588,0,0,0
Statement C,ACT LOCAL HOSPITAL NETWORK,4,Changes to appropriation – Controlled Recurrent Payments ($’000),$'000,Supporting our health workforce – Ongoing Junior Medical Officer supports,0,3411,3479,3570,3665
Statement C,ACT LOCAL HOSPITAL NETWORK,4,Changes to appropriation – Controlled Recurrent Payments ($’000),$'000,2026-27 Budget Technical Adjustments,,,,,
Statement C,ACT LOCAL HOSPITAL NETWORK,4,Changes to appropriation – Controlled Recurrent Payments ($’000),$'000,Commonwealth Grant - Access to HIV Treatment and Prevention,8,71,0,0,0
Statement C,ACT LOCAL HOSPITAL NETWORK,4,Changes to appropriation – Controlled Recurrent Payments ($’000),$'000,Commonwealth Grant - Comprehensive Palliative Care in Aged Care,-1,0,0,0,0
Statement C,ACT LOCAL HOSPITAL NETWORK,4,Changes to appropriation – Controlled Recurrent Payments ($’000),$'000,Commonwealth Grant - Lymphoedema Compressions Garment Scheme,0,0,0,0,-33
Statement C,ACT LOCAL HOSPITAL NETWORK,4,Changes to appropriation – Controlled Recurrent Payments ($’000),$'000,Commonwealth Grant - Medicare Urgent Care Clinics,0,3105,4105,3765,3856
Statement C,ACT LOCAL HOSPITAL NETWORK,4,Changes to appropriation – Controlled Recurrent Payments ($’000),$'000,Commonwealth Grant - National Health Reform Agreement,0,-76801,-92129,-109277,-128497
Statement C,ACT LOCAL HOSPITAL NETWORK,4,Changes to appropriation – Controlled Recurrent Payments ($’000),$'000,Commonwealth Grant - Public Dental Services for Adults,0,970,970,970,970
Statement C,ACT LOCAL HOSPITAL NETWORK,4,Changes to appropriation – Controlled Recurrent Payments ($’000),$'000,Commonwealth Grant - Reducing Stillbirths,0,317,324,0,0
Statement C,ACT LOCAL HOSPITAL NETWORK,4,Changes to appropriation – Controlled Recurrent Payments ($’000),$'000,Commonwealth Grant - Specialist Dementia Care,556,0,0,0,0
Statement C,ACT LOCAL HOSPITAL NETWORK,4,Changes to appropriation – Controlled Recurrent Payments ($’000),$'000,Offset - Cross Border revenue,-68575,-70289,-72152,-74064,-74064
Statement C,ACT LOCAL HOSPITAL NETWORK,4,Changes to appropriation – Controlled Recurrent Payments ($’000),$'000,Offset - Fees and Charges Review,0,-2098,-2167,-2237,-2309
Statement C,ACT LOCAL HOSPITAL NETWORK,4,Changes to appropriation – Controlled Recurrent Payments ($’000),$'000,Reprofiling - Medicare Urgent Care Clinics,-1673,1673,0,0,0
Statement C,ACT LOCAL HOSPITAL NETWORK,4,Changes to appropriation – Controlled Recurrent Payments ($’000),$'000,Revised Indexation Parameters,0,0,0,0,6741
Statement C,ACT LOCAL HOSPITAL NETWORK,4,Changes to appropriation – Controlled Recurrent Payments ($’000),$'000,Revised Superannuation Parameters,-427,-350,-354,-359,-363
Statement C,ACT LOCAL HOSPITAL NETWORK,4,Changes to appropriation – Controlled Recurrent Payments ($’000),$'000,Revised Wage Parameters,0,12566,0,0,0
Statement C,ACT LOCAL HOSPITAL NETWORK,4,Changes to appropriation – Controlled Recurrent Payments ($’000),$'000,Savings - Building safer communities – Strengthening DFSV system foundations,0,-187,-192,-106,-108
Statement C,ACT LOCAL HOSPITAL NETWORK,4,Changes to appropriation – Controlled Recurrent Payments ($’000),$'000,Savings - Investing in public services – Strengthening government procurement,0,-178,-181,-96,-97
Statement C,ACT LOCAL HOSPITAL NETWORK,4,Changes to appropriation – Controlled Recurrent Payments ($’000),$'000,Transfer - Administrative on-costs to CMTEDD and DCBR,0,-33,-24,-33,-33
Statement C,ACT LOCAL HOSPITAL NETWORK,4,Changes to appropriation – Controlled Recurrent Payments ($’000),$'000,Transfer - Clinical Placement Office from HCSD to CHS,0,622,638,655,664
Statement C,ACT LOCAL HOSPITAL NETWORK,4,Changes to appropriation – Controlled Recurrent Payments ($’000),$'000,Transfer - CRP to Capital Injection - Canberra Health Services Plant and Equipment Program,0,-900,-900,-9233,-9233
Statement C,ACT LOCAL HOSPITAL NETWORK,4,Changes to appropriation – Controlled Recurrent Payments ($’000) (Cont’d),$'000,Transfer – ICT funding from HCSD to CHS,0,6962,7146,7336,7530
Statement C,ACT LOCAL HOSPITAL NETWORK,4,Changes to appropriation – Controlled Recurrent Payments ($’000) (Cont’d),$'000,Transfer - NCH Professional Standards Unit from CHS to CMTEDD,0,-264,-271,-278,-285
Statement C,ACT LOCAL HOSPITAL NETWORK,4,Changes to appropriation – Controlled Recurrent Payments ($’000) (Cont’d),$'000,Transfer - Pharmacy Guild MOU for Opioid Maintenance Treatment funding from CHS to HCSD,0,-318,-326,-335,-344
Statement C,ACT LOCAL HOSPITAL NETWORK,4,Changes to appropriation – Controlled Recurrent Payments ($’000) (Cont’d),$'000,Transfer - Research and Ethics from HCSD to CHS,0,195,201,207,213
Statement C,ACT LOCAL HOSPITAL NETWORK,4,Changes to appropriation – Controlled Recurrent Payments ($’000) (Cont’d),$'000,2026-27 Budget,1414837,1400687,1205112,1191011,1179477
Statement C,CANBERRA HEALTH SERVICES,20,"Changes to appropriation – Capital Injections, Controlled ($’000)",$'000,2025-26 Budget,182128,69017,50413,10702,11130
Statement C,CANBERRA HEALTH SERVICES,20,"Changes to appropriation – Capital Injections, Controlled ($’000)",$'000,FMA Section 16B Rollovers from 2024-25,,,,,
Statement C,CANBERRA HEALTH SERVICES,20,"Changes to appropriation – Capital Injections, Controlled ($’000)",$'000,ACT Health Critical Assets Upgrades,-837,0,0,0,0
Statement C,CANBERRA HEALTH SERVICES,20,"Changes to appropriation – Capital Injections, Controlled ($’000)",$'000,Boosting Emergency and Elective Surgery,870,0,0,0,0
Statement C,CANBERRA HEALTH SERVICES,20,"Changes to appropriation – Capital Injections, Controlled ($’000)",$'000,Canberra Health Services Asset Renewal Program: 2024-25,173,0,0,0,0
Statement C,CANBERRA HEALTH SERVICES,20,"Changes to appropriation – Capital Injections, Controlled ($’000)",$'000,Canberra Hospital Expansion Operational Commissioning,998,0,0,0,0
Statement C,CANBERRA HEALTH SERVICES,20,"Changes to appropriation – Capital Injections, Controlled ($’000)",$'000,Cancer Research Centre,-1241,0,0,0,0
Statement C,CANBERRA HEALTH SERVICES,20,"Changes to appropriation – Capital Injections, Controlled ($’000)",$'000,Delivering a New Palliative Care Ward at the Canberra Hospital,-930,0,0,0,0
Statement C,CANBERRA HEALTH SERVICES,20,"Changes to appropriation – Capital Injections, Controlled ($’000)",$'000,Delivering New Clinical Equipment and Building Services at the Canberra Hospital,554,0,0,0,0
Statement C,CANBERRA HEALTH SERVICES,20,"Changes to appropriation – Capital Injections, Controlled ($’000)",$'000,Digital Healthcare Record - Transforming the Way Health Care is Provided,994,0,0,0,0
Statement C,CANBERRA HEALTH SERVICES,20,"Changes to appropriation – Capital Injections, Controlled ($’000)",$'000,Enabling Works for the New Northside Hospital and Enhancing Health Infrastructure at North Canberra Hospital and Early Works,189,0,0,0,0
Statement C,CANBERRA HEALTH SERVICES,20,"Changes to appropriation – Capital Injections, Controlled ($’000)",$'000,Expanding and Upgrading Endoscopy Services,-1346,0,0,0,0
Statement C,CANBERRA HEALTH SERVICES,20,"Changes to appropriation – Capital Injections, Controlled ($’000)",$'000,Expanding Paediatric Services at Canberra Hospital and in the Community,203,0,0,0,0
Statement C,CANBERRA HEALTH SERVICES,20,"Changes to appropriation – Capital Injections, Controlled ($’000)",$'000,Expanding the Centenary Hospital for Women and Children,156,0,0,0,0
Statement C,CANBERRA HEALTH SERVICES,20,"Changes to appropriation – Capital Injections, Controlled ($’000)",$'000,Implementation and Integration of a Modern Rostering System,486,0,0,0,0
Statement C,CANBERRA HEALTH SERVICES,20,"Changes to appropriation – Capital Injections, Controlled ($’000)",$'000,North Canberra Hospital Critical Infrastructure,-98,0,0,0,0
Statement C,CANBERRA HEALTH SERVICES,20,"Changes to appropriation – Capital Injections, Controlled ($’000)",$'000,Planning the Next Stages of the Canberra Hospital Expansion,616,0,0,0,0
Statement C,CANBERRA HEALTH SERVICES,20,"Changes to appropriation – Capital Injections, Controlled ($’000)",$'000,Safety System Upgrades to our Public Health Services,277,0,0,0,0
Statement C,CANBERRA HEALTH SERVICES,20,"Changes to appropriation – Capital Injections, Controlled ($’000)",$'000,Transitioning North Canberra Hospital from Calvary Health Care to Canberra Health Services - Phase 1,2961,0,0,0,0
Statement C,CANBERRA HEALTH SERVICES,20,"Changes to appropriation – Capital Injections, Controlled ($’000)",$'000,Upgrading ACT Pathology’s Laboratory,-867,0,0,0,0
Statement C,CANBERRA HEALTH SERVICES,20,"Changes to appropriation – Capital Injections, Controlled ($’000)",$'000,Upgrading Equipment and ICT Infrastructure at North Canberra Hospital,545,0,0,0,0
Statement C,CANBERRA HEALTH SERVICES,20,"Changes to appropriation – Capital Injections, Controlled ($’000)",$'000,2026-27 Budget Policy Decisions,,,,,
Statement C,CANBERRA HEALTH SERVICES,20,"Changes to appropriation – Capital Injections, Controlled ($’000)",$'000,Critical building upgrades at Canberra Hospital,0,301,3117,3513,4666
Statement C,CANBERRA HEALTH SERVICES,20,"Changes to appropriation – Capital Injections, Controlled ($’000)",$'000,Insourcing cleaning and food services,0,4748,550,565,580
Statement C,CANBERRA HEALTH SERVICES,20,"Changes to appropriation – Capital Injections, Controlled ($’000)",$'000,Savings - Canberra Health Services Asset Renewal Program,0,0,-366,-777,-1205
Statement C,CANBERRA HEALTH SERVICES,20,"Changes to appropriation – Capital Injections, Controlled ($’000)",$'000,Strategic medical equipment replacement,0,7719,8087,0,0
Statement C,CANBERRA HEALTH SERVICES,20,"Changes to appropriation – Capital Injections, Controlled ($’000)",$'000,2026-27 Budget Technical Adjustments,,,,,
Statement C,CANBERRA HEALTH SERVICES,20,"Changes to appropriation – Capital Injections, Controlled ($’000)",$'000,Revised Funding Profile,,,,,
Statement C,CANBERRA HEALTH SERVICES,20,"Changes to appropriation – Capital Injections, Controlled ($’000)",$'000,Boosting emergency and elective surgery,-5000,2000,3000,0,0
Statement C,CANBERRA HEALTH SERVICES,20,"Changes to appropriation – Capital Injections, Controlled ($’000)",$'000,Canberra Health Services Asset Renewal Program: 2025-26,-2000,2000,0,0,0
Statement C,CANBERRA HEALTH SERVICES,20,"Changes to appropriation – Capital Injections, Controlled ($’000)",$'000,Cancer Research Centre,-2600,2600,0,0,0
Statement C,CANBERRA HEALTH SERVICES,20,"Changes to appropriation – Capital Injections, Controlled ($’000)",$'000,Digital Healthcare Record – transforming the way health care is provided,2500,-2500,0,0,0
Statement C,CANBERRA HEALTH SERVICES,20,"Changes to appropriation – Capital Injections, Controlled ($’000)",$'000,Enabling works for the new northside hospital and enhancing health infrastructure at North Canberra Hospital,-4300,1300,3000,0,0
Statement C,CANBERRA HEALTH SERVICES,20,"Changes to appropriation – Capital Injections, Controlled ($’000)",$'000,Expanding and upgrading endoscopy services,-1500,1500,0,0,0
Statement C,CANBERRA HEALTH SERVICES,20,"Changes to appropriation – Capital Injections, Controlled ($’000) (Cont.)",$'000,Expanding pharmacy services at The Canberra Hospital,-3210,3210,0,0,0
Statement C,CANBERRA HEALTH SERVICES,20,"Changes to appropriation – Capital Injections, Controlled ($’000) (Cont.)",$'000,Implementation and Integration of a Modern Rostering System,-486,486,0,0,0
Statement C,CANBERRA HEALTH SERVICES,20,"Changes to appropriation – Capital Injections, Controlled ($’000) (Cont.)",$'000,North Canberra Hospital critical infrastructure,3000,-3000,0,0,0
Statement C,CANBERRA HEALTH SERVICES,20,"Changes to appropriation – Capital Injections, Controlled ($’000) (Cont.)",$'000,Safety systems upgrades to our public health services,-1200,1200,0,0,0
Statement C,CANBERRA HEALTH SERVICES,20,"Changes to appropriation – Capital Injections, Controlled ($’000) (Cont.)",$'000,Transitioning North Canberra Hospital from Calvary Health Care to Canberra Health Services – Phase 1,-1300,1300,0,0,0
Statement C,CANBERRA HEALTH SERVICES,20,"Changes to appropriation – Capital Injections, Controlled ($’000) (Cont.)",$'000,Transitioning North Canberra Hospital from Calvary Health Care to Canberra Health Services – Phase 2,-1750,-2837,4587,0,0
Statement C,CANBERRA HEALTH SERVICES,20,"Changes to appropriation – Capital Injections, Controlled ($’000) (Cont.)",$'000,Upgrading and enhancing health Infrastructure at Canberra Hospital,1300,-1300,0,0,0
Statement C,CANBERRA HEALTH SERVICES,20,"Changes to appropriation – Capital Injections, Controlled ($’000) (Cont.)",$'000,Upgrading equipment and ICT infrastructure at North Canberra Hospital,-1000,1000,0,0,0
Statement C,CANBERRA HEALTH SERVICES,20,"Changes to appropriation – Capital Injections, Controlled ($’000) (Cont.)",$'000,Transfers,,,,,
Statement C,CANBERRA HEALTH SERVICES,20,"Changes to appropriation – Capital Injections, Controlled ($’000) (Cont.)",$'000,Canberra Health Services Plant and Equipment Program – from Controlled Recurrent Repayments to Capital Injection,0,900,900,9233,9233
Statement C,CANBERRA HEALTH SERVICES,20,"Changes to appropriation – Capital Injections, Controlled ($’000) (Cont.)",$'000,Canberra Hospital Expansion – From Health and Community Services Directorate to Canberra Health Services,605,0,0,0,0
Statement C,CANBERRA HEALTH SERVICES,20,"Changes to appropriation – Capital Injections, Controlled ($’000) (Cont.)",$'000,Expanding pharmacy services at The Canberra Hospital – From Infrastructure Canberra to Canberra Health Services,3210,0,0,0,0
Statement C,CANBERRA HEALTH SERVICES,20,"Changes to appropriation – Capital Injections, Controlled ($’000) (Cont.)",$'000,Implementation of the Canberra Hospital Master Plan     – transforming the Canberra Hospital Campus – From Health and Community Services Directorate to Canberra Health Services,230,0,0,0,0
Statement C,CANBERRA HEALTH SERVICES,20,"Changes to appropriation – Capital Injections, Controlled ($’000) (Cont.)",$'000,Next steps for the Canberra Hospital Masterplan – From Health and Community Services Directorate to Canberra Health Services,465,700,0,0,0
Statement C,CANBERRA HEALTH SERVICES,20,"Changes to appropriation – Capital Injections, Controlled ($’000) (Cont.)",$'000,2026-27 Budget,172795,90344,73288,23236,24404
Statement C,HOUSING ACT,4,Changes to Appropriation – Controlled Recurrent Payments ($’000),$'000,2025-26 Budget,61652,59410,58032,56927,53808
Statement C,HOUSING ACT,4,Changes to Appropriation – Controlled Recurrent Payments ($’000),$'000,2025-26 Budget Review,,,,,
Statement C,HOUSING ACT,4,Changes to Appropriation – Controlled Recurrent Payments ($’000),$'000,Continuing support for Café Stepping Stone,0,250,150,100,0
Statement C,HOUSING ACT,4,Changes to Appropriation – Controlled Recurrent Payments ($’000),$'000,More Support for Housing ACT,2226,0,0,0,0
Statement C,HOUSING ACT,4,Changes to Appropriation – Controlled Recurrent Payments ($’000),$'000,2026-27 Budget Policy Adjustments,,,,,
Statement C,HOUSING ACT,4,Changes to Appropriation – Controlled Recurrent Payments ($’000),$'000,"30,000 homes by 2030 – Public housing pipeline",0,671,232,235,238
Statement C,HOUSING ACT,4,Changes to Appropriation – Controlled Recurrent Payments ($’000),$'000,Cost of living – Housing Crisis Support Fund,0,2631,2531,0,0
Statement C,HOUSING ACT,4,Changes to Appropriation – Controlled Recurrent Payments ($’000),$'000,Digitisation of Housing ACT records,0,494,616,116,121
Statement C,HOUSING ACT,4,Changes to Appropriation – Controlled Recurrent Payments ($’000),$'000,Investing in housing and homelessness services,0,2796,3934,4547,5642
Statement C,HOUSING ACT,4,Changes to Appropriation – Controlled Recurrent Payments ($’000),$'000,Justice Housing Program,0,180,194,209,225
Statement C,HOUSING ACT,4,Changes to Appropriation – Controlled Recurrent Payments ($’000),$'000,Offset – Progressing public housing repairs and maintenance insourcing,0,-178,-206,-2662,-2738
Statement C,HOUSING ACT,4,Changes to Appropriation – Controlled Recurrent Payments ($’000),$'000,Public housing repairs and maintenance,0,53229,52168,54854,24738
Statement C,HOUSING ACT,4,Changes to Appropriation – Controlled Recurrent Payments ($’000),$'000,2026-27 Budget Technical Adjustments,,,,,
Statement C,HOUSING ACT,4,Changes to Appropriation – Controlled Recurrent Payments ($’000),$'000,Commonwealth Grants - National Agreement on Social Housing and Homelessness,0,62,63,32,854
Statement C,HOUSING ACT,4,Changes to Appropriation – Controlled Recurrent Payments ($’000),$'000,Other Technical Adjustments,0,2834,1177,1221,1267
Statement C,HOUSING ACT,4,Changes to Appropriation – Controlled Recurrent Payments ($’000),$'000,Revised Indexation Parameters,0,0,0,0,29
Statement C,HOUSING ACT,4,Changes to Appropriation – Controlled Recurrent Payments ($’000),$'000,Revised Wage Parameters,0,193,0,0,0
Statement C,HOUSING ACT,4,Changes to Appropriation – Controlled Recurrent Payments ($’000),$'000,Savings - Workers’ Compensation Savings,0,-78,0,0,0
Statement C,HOUSING ACT,4,Changes to Appropriation – Controlled Recurrent Payments ($’000),$'000,Transfer - Continuing humanitarian grants programs from HCSD,0,507,519,530,545
Statement C,HOUSING ACT,4,Changes to Appropriation – Controlled Recurrent Payments ($’000),$'000,2026-27 Budget,63878,123001,119410,116109,84729
Statement C,HOUSING ACT,5,Changes to appropriation – Capital Injections ($’000),$'000,2025-26 Budget,155067,116899,65995,45224,110467
Statement C,HOUSING ACT,5,Changes to appropriation – Capital Injections ($’000),$'000,FMA Section 16B Rollovers from 2024-25,0,0,0,0,0
Statement C,HOUSING ACT,5,Changes to appropriation – Capital Injections ($’000),$'000,Reducing homelessness by delivering another Common Ground,250,0,0,0,0
Statement C,HOUSING ACT,5,Changes to appropriation – Capital Injections ($’000),$'000,2026-27 Budget Policy Adjustments,,,,,
Statement C,HOUSING ACT,5,Changes to appropriation – Capital Injections ($’000),$'000,"30,000 homes by 2030 – Continuing the Growing and Renewing Public Housing and Social Housing Accelerator Programs",0,93339,0,0,0
Statement C,HOUSING ACT,5,Changes to appropriation – Capital Injections ($’000),$'000,"30,000 homes by 2030 – Public housing pipeline",0,67975,148074,66805,-26000
Statement C,HOUSING ACT,5,Changes to appropriation – Capital Injections ($’000),$'000,Digitisation of Housing ACT records,0,40,0,0,0
Statement C,HOUSING ACT,5,Changes to appropriation – Capital Injections ($’000),$'000,Offset - Public housing repairs and maintenance,0,-17780,-4653,-3655,-24738
Statement C,HOUSING ACT,5,Changes to appropriation – Capital Injections ($’000),$'000,2026-27 Budget Technical Adjustments,,,,,
Statement C,HOUSING ACT,5,Changes to appropriation – Capital Injections ($’000),$'000,Revised Funding Profile - Climate action – Improving the energy efficiency of Canberra’s public housing,0,5785,-5785,0,0
Statement C,HOUSING ACT,5,Changes to appropriation – Capital Injections ($’000),$'000,Revised Indexation Parameters,0,0,0,0,1006
Statement C,HOUSING ACT,5,Changes to appropriation – Capital Injections ($’000),$'000,2026-27 Budget,155317,266258,203631,108374,60735
Statement D,JUSTICE AND COMMUNITY SAFETY DIRECTORATE,24,Changes to appropriation – Controlled Recurrent Payments ($’000),$'000,2025-26 Budget,465769,440683,424928,429306,427525
Statement D,JUSTICE AND COMMUNITY SAFETY DIRECTORATE,24,Changes to appropriation – Controlled Recurrent Payments ($’000),$'000,2025-26 Budget Review,,,,,
Statement D,JUSTICE AND COMMUNITY SAFETY DIRECTORATE,24,Changes to appropriation – Controlled Recurrent Payments ($’000),$'000,Justice reform – Continued support for the ACT Intermediary Program,1421,3285,3337,3392,3438
Statement D,JUSTICE AND COMMUNITY SAFETY DIRECTORATE,24,Changes to appropriation – Controlled Recurrent Payments ($’000),$'000,Justice reform – Support for ACT Victims of Crime,,1493,1497,1376,292
Statement D,JUSTICE AND COMMUNITY SAFETY DIRECTORATE,24,Changes to appropriation – Controlled Recurrent Payments ($’000),$'000,Strengthening emergency services – Joint Emergency Station at Molonglo,625,,,,
Statement D,JUSTICE AND COMMUNITY SAFETY DIRECTORATE,24,Changes to appropriation – Controlled Recurrent Payments ($’000),$'000,FMA Section 16B Rollovers from 2024-25,,,,,
Statement D,JUSTICE AND COMMUNITY SAFETY DIRECTORATE,24,Changes to appropriation – Controlled Recurrent Payments ($’000),$'000,Accommodation for the Aboriginal and Torres Strait Islander Children's and Young People's Commissioner,75,,,,
Statement D,JUSTICE AND COMMUNITY SAFETY DIRECTORATE,24,Changes to appropriation – Controlled Recurrent Payments ($’000),$'000,Supporting the wellbeing of Rural Fire Service and State Emergency Service volunteers,55,,,,
Statement D,JUSTICE AND COMMUNITY SAFETY DIRECTORATE,24,Changes to appropriation – Controlled Recurrent Payments ($’000),$'000,Well-prepared emergency services – ACT Ambulance Service – Modernised and Sustainable Service Plan,178,,,,
Statement D,JUSTICE AND COMMUNITY SAFETY DIRECTORATE,24,Changes to appropriation – Controlled Recurrent Payments ($’000),$'000,Well-prepared emergency services – More support for ACT Fire and Rescue Staff,120,,,,
Statement D,JUSTICE AND COMMUNITY SAFETY DIRECTORATE,24,Changes to appropriation – Controlled Recurrent Payments ($’000),$'000,2026-27 Budget Policy Decisions,,,,,
Statement D,JUSTICE AND COMMUNITY SAFETY DIRECTORATE,24,Changes to appropriation – Controlled Recurrent Payments ($’000),$'000,Aboriginal and Torres Strait Islander community leadership on justice overrepresentation,,130,,,
Statement D,JUSTICE AND COMMUNITY SAFETY DIRECTORATE,24,Changes to appropriation – Controlled Recurrent Payments ($’000),$'000,Offset – From More support for families and inclusion – Reducing recidivism by building communities not prisons,-59,,,,
Statement D,JUSTICE AND COMMUNITY SAFETY DIRECTORATE,24,Changes to appropriation – Controlled Recurrent Payments ($’000),$'000,ACT Firearms Buyback Scheme,,NFP,,,
Statement D,JUSTICE AND COMMUNITY SAFETY DIRECTORATE,24,Changes to appropriation – Controlled Recurrent Payments ($’000),$'000,ACT's security resilience,,263,267,271,275
Statement D,JUSTICE AND COMMUNITY SAFETY DIRECTORATE,24,Changes to appropriation – Controlled Recurrent Payments ($’000),$'000,Commonwealth contribution,,60,60,60,60
Statement D,JUSTICE AND COMMUNITY SAFETY DIRECTORATE,24,Changes to appropriation – Controlled Recurrent Payments ($’000),$'000,Additional operational funding for the AMC,,3172,,,
Statement D,JUSTICE AND COMMUNITY SAFETY DIRECTORATE,24,Changes to appropriation – Controlled Recurrent Payments ($’000),$'000,Addressing period poverty in the ACT,,20,21,22,23
Statement D,JUSTICE AND COMMUNITY SAFETY DIRECTORATE,24,Changes to appropriation – Controlled Recurrent Payments ($’000),$'000,Offset – From base funding,,-20,-21,-22,-23
Statement D,JUSTICE AND COMMUNITY SAFETY DIRECTORATE,24,Changes to appropriation – Controlled Recurrent Payments ($’000),$'000,Board of Inquiry into Aboriginal and Torres Strait Islander deaths in custody,,4016,1151,,
Statement D,JUSTICE AND COMMUNITY SAFETY DIRECTORATE,24,Changes to appropriation – Controlled Recurrent Payments ($’000),$'000,Building safer communities – Strengthening DFSV system foundations – Offset – From base funding,,-180,-185,-102,-104
Statement D,JUSTICE AND COMMUNITY SAFETY DIRECTORATE,24,Changes to appropriation – Controlled Recurrent Payments ($’000),$'000,Building safer communities – Supporting DFSV frontline services,,396,401,407,413
Statement D,JUSTICE AND COMMUNITY SAFETY DIRECTORATE,24,Changes to appropriation – Controlled Recurrent Payments ($’000),$'000,Essential prosecution services,,3363,4957,5027,5097
Statement D,JUSTICE AND COMMUNITY SAFETY DIRECTORATE,24,Changes to appropriation – Controlled Recurrent Payments ($’000),$'000,Establishing an in-house prosecution function – Offset – From base funding,,-90,-182,-369,-375
Statement D,JUSTICE AND COMMUNITY SAFETY DIRECTORATE,24,Changes to appropriation – Controlled Recurrent Payments ($’000),$'000,Investing in public services – Strengthening government procurement – Offset – From base funding,,-178,-181,-96,-97
Statement D,JUSTICE AND COMMUNITY SAFETY DIRECTORATE,24,Changes to appropriation – Controlled Recurrent Payments ($’000),$'000,Justice Housing Program,,2036,2105,2174,2247
Statement D,JUSTICE AND COMMUNITY SAFETY DIRECTORATE,24,Changes to appropriation – Controlled Recurrent Payments ($’000),$'000,Offset – From Justice Housing Program Continuation and Expansion,,-1142,,,
Statement D,JUSTICE AND COMMUNITY SAFETY DIRECTORATE,24,Changes to appropriation – Controlled Recurrent Payments ($’000),$'000,Legislation register server upgrades,,40,48,56,64
Statement D,JUSTICE AND COMMUNITY SAFETY DIRECTORATE,24,Changes to appropriation – Controlled Recurrent Payments ($’000),$'000,Offset – From base funding,,-146,-157,-168,-179
Statement D,JUSTICE AND COMMUNITY SAFETY DIRECTORATE,24,Changes to appropriation – Controlled Recurrent Payments ($’000),$'000,Offset – From Better Government – Expanding Microsoft user licencing,,-6,-6,-6,-6
Statement D,JUSTICE AND COMMUNITY SAFETY DIRECTORATE,24,Changes to appropriation – Controlled Recurrent Payments ($’000),$'000,Offset – From Continuing the transition of our financial and reporting systems,,111,114,117,120
Statement D,JUSTICE AND COMMUNITY SAFETY DIRECTORATE,24,Changes to appropriation – Controlled Recurrent Payments ($’000),$'000,Offset – From Investing in our digital future,,1,1,1,1
Statement D,JUSTICE AND COMMUNITY SAFETY DIRECTORATE,24,Changes to appropriation – Controlled Recurrent Payments ($’000),$'000,Modernising critical ACT Courts and Tribunal case management,,1193,1324,586,596
Statement D,JUSTICE AND COMMUNITY SAFETY DIRECTORATE,24,Changes to appropriation – Controlled Recurrent Payments ($’000),$'000,Offset – From base funding,,-18,-431,-2053,-1197
Statement D,JUSTICE AND COMMUNITY SAFETY DIRECTORATE,24,Changes to appropriation – Controlled Recurrent Payments ($’000),$'000,Offset – From Controlled Recurrent Payments to Capital Injections,,-727,-1200,,
Statement D,JUSTICE AND COMMUNITY SAFETY DIRECTORATE,24,Changes to appropriation – Controlled Recurrent Payments ($’000),$'000,More support for the community legal assistance sector,,4010,4129,4243,4361
Statement D,JUSTICE AND COMMUNITY SAFETY DIRECTORATE,24,Changes to appropriation – Controlled Recurrent Payments ($’000),$'000,Offset – From base funding,,-134,-138,-141,-145
Statement D,JUSTICE AND COMMUNITY SAFETY DIRECTORATE,24,Changes to appropriation – Controlled Recurrent Payments ($’000),$'000,National Firearms Register,,1047,976,,
Statement D,JUSTICE AND COMMUNITY SAFETY DIRECTORATE,24,Changes to appropriation – Controlled Recurrent Payments ($’000),$'000,Strengthening emergency services – Establishing the new Molonglo Emergency Services Station,,8065,7840,7981,8125
Statement D,JUSTICE AND COMMUNITY SAFETY DIRECTORATE,24,Changes to appropriation – Controlled Recurrent Payments ($’000),$'000,Strengthening emergency services – More frontline paramedics,,6351,6731,6278,6372
Statement D,JUSTICE AND COMMUNITY SAFETY DIRECTORATE,24,Changes to appropriation – Controlled Recurrent Payments ($’000),$'000,Strengthening emergency services – Territory Radio Network upgrades,,2000,,,
Statement D,JUSTICE AND COMMUNITY SAFETY DIRECTORATE,24,Changes to appropriation – Controlled Recurrent Payments ($’000),$'000,Offset – From base funding,,-281,,,
Statement D,JUSTICE AND COMMUNITY SAFETY DIRECTORATE,24,Changes to appropriation – Controlled Recurrent Payments ($’000),$'000,Offset – From Strengthening emergency services – ICT system upgrades,,-2000,,,
Statement D,JUSTICE AND COMMUNITY SAFETY DIRECTORATE,24,Changes to appropriation – Controlled Recurrent Payments ($’000),$'000,Strengthening emergency services – Upgrades to major ICT Systems,,514,,,
Statement D,JUSTICE AND COMMUNITY SAFETY DIRECTORATE,24,Changes to appropriation – Controlled Recurrent Payments ($’000),$'000,Strengthening emergency services – Vehicle replacement program and facilities upgrades,,1022,1149,,
Statement D,JUSTICE AND COMMUNITY SAFETY DIRECTORATE,24,Changes to appropriation – Controlled Recurrent Payments ($’000),$'000,Supporting a community-led justice response for Aboriginal and Torres Strait Islander Canberrans,,254,259,263,268
Statement D,JUSTICE AND COMMUNITY SAFETY DIRECTORATE,24,Changes to appropriation – Controlled Recurrent Payments ($’000),$'000,Supporting culturally responsive reintegration pathways,,789,807,826,845
Statement D,JUSTICE AND COMMUNITY SAFETY DIRECTORATE,24,Changes to appropriation – Controlled Recurrent Payments ($’000),$'000,Supporting disability services – Design and implementation of Thriving Kids – Offset – From base funding,,-220,-223,-226,
Statement D,JUSTICE AND COMMUNITY SAFETY DIRECTORATE,24,Changes to appropriation – Controlled Recurrent Payments ($’000),$'000,Sustaining Territory legal and human rights services,,1749,1775,1800,1827
Statement D,JUSTICE AND COMMUNITY SAFETY DIRECTORATE,24,Changes to appropriation – Controlled Recurrent Payments ($’000),$'000,Upgrades to the electronic security system at the AMC,,1025,1051,,
Statement D,JUSTICE AND COMMUNITY SAFETY DIRECTORATE,24,Changes to appropriation – Controlled Recurrent Payments ($’000),$'000,Offset – From base funding,,-633,-649,,
Statement D,JUSTICE AND COMMUNITY SAFETY DIRECTORATE,24,Changes to appropriation – Controlled Recurrent Payments ($’000),$'000,2026-27 Budget Technical Adjustments,,,,,
Statement D,JUSTICE AND COMMUNITY SAFETY DIRECTORATE,24,Changes to appropriation – Controlled Recurrent Payments ($’000),$'000,Accommodation savings as a result of new Government Office Buildings,,1141,,,
Statement D,JUSTICE AND COMMUNITY SAFETY DIRECTORATE,24,Changes to appropriation – Controlled Recurrent Payments ($’000),$'000,Act of Grace Payment,160,,,,
Statement D,JUSTICE AND COMMUNITY SAFETY DIRECTORATE,24,Changes to appropriation – Controlled Recurrent Payments ($’000),$'000,Commonwealth Grant – Disaster Ready Fund – Phase 3,3883,,,,
Statement D,JUSTICE AND COMMUNITY SAFETY DIRECTORATE,24,Changes to appropriation – Controlled Recurrent Payments ($’000),$'000,Commonwealth Grant – Family Law Information Sharing,28,28,28,,
Statement D,JUSTICE AND COMMUNITY SAFETY DIRECTORATE,24,Changes to appropriation – Controlled Recurrent Payments ($’000),$'000,Commonwealth Grant – National Access to Justice Partnership 2025-30 – Aboriginal and Torres Strait Islander Legal Services,,3,6,4,63
Statement D,JUSTICE AND COMMUNITY SAFETY DIRECTORATE,24,Changes to appropriation – Controlled Recurrent Payments ($’000),$'000,Commonwealth Grant – National Access to Justice Partnership 2025-30 – Community Legal Centres,,3,7,5,69
Statement D,JUSTICE AND COMMUNITY SAFETY DIRECTORATE,24,Changes to appropriation – Controlled Recurrent Payments ($’000),$'000,Commonwealth Grant – National Access to Justice Partnership 2025-30 – Family Violence Prevention and Legal Services,,1,2,3,24
Statement D,JUSTICE AND COMMUNITY SAFETY DIRECTORATE,24,Changes to appropriation – Controlled Recurrent Payments ($’000),$'000,Commonwealth Grant – National Access to Justice Partnership 2025-30 – State and territory legal assistance administration,,1,4,4,29
Statement D,JUSTICE AND COMMUNITY SAFETY DIRECTORATE,24,Changes to appropriation – Controlled Recurrent Payments ($’000),$'000,Commonwealth Grant – National Access to Justice Partnership 2025-30 – Women's Legal Services,,5,11,9,129
Statement D,JUSTICE AND COMMUNITY SAFETY DIRECTORATE,24,Changes to appropriation – Controlled Recurrent Payments ($’000),$'000,Commonwealth Grant – National Firearms Register,2300,,,,
Statement D,JUSTICE AND COMMUNITY SAFETY DIRECTORATE,24,Changes to appropriation – Controlled Recurrent Payments ($’000),$'000,Commonwealth Grant – National Support and Intervention Program – Countering Violent Extremism initiatives,1348,1357,1423,-60,-60
Statement D,JUSTICE AND COMMUNITY SAFETY DIRECTORATE,24,Changes to appropriation – Controlled Recurrent Payments ($’000),$'000,Courts Public Private Partnership – Budget Realignment,,,,,1712
Statement D,JUSTICE AND COMMUNITY SAFETY DIRECTORATE,24,Changes to appropriation – Controlled Recurrent Payments ($’000),$'000,More support for families and inclusion – Implementing the Commonwealth Redress Scheme for Institutional Child and Sexual Abuse – Budget Realignment,,,,-485,-490
Statement D,JUSTICE AND COMMUNITY SAFETY DIRECTORATE,24,Changes to appropriation – Controlled Recurrent Payments ($’000),$'000,Remuneration Tribunal Determinations,,383,383,383,383
Statement D,JUSTICE AND COMMUNITY SAFETY DIRECTORATE,24,Changes to appropriation – Controlled Recurrent Payments ($’000),$'000,Revised Funding Profile,,,,,
Statement D,JUSTICE AND COMMUNITY SAFETY DIRECTORATE,24,Changes to appropriation – Controlled Recurrent Payments ($’000),$'000,Climate action – Continuing climate change action and environmental protection,-186,186,,,
Statement D,JUSTICE AND COMMUNITY SAFETY DIRECTORATE,24,Changes to appropriation – Controlled Recurrent Payments ($’000),$'000,Commonwealth Grant – Disaster Ready Fund – phase 1,-2058,2058,,,
Statement D,JUSTICE AND COMMUNITY SAFETY DIRECTORATE,24,Changes to appropriation – Controlled Recurrent Payments ($’000),$'000,Commonwealth Grant – Disaster Ready Fund – phase 2,-5714,5714,,,
Statement D,JUSTICE AND COMMUNITY SAFETY DIRECTORATE,24,Changes to appropriation – Controlled Recurrent Payments ($’000),$'000,Commonwealth Grant – Disaster Ready Fund – phase 3,-3669,3669,,,
Statement D,JUSTICE AND COMMUNITY SAFETY DIRECTORATE,24,Changes to appropriation – Controlled Recurrent Payments ($’000),$'000,Commonwealth Grant – National Firearms Register,-1857,1857,,,
Statement D,JUSTICE AND COMMUNITY SAFETY DIRECTORATE,24,Changes to appropriation – Controlled Recurrent Payments ($’000),$'000,Commonwealth Grant – National Support Intervention Program – Countering Violent Extremism initiatives,-200,200,,,
Statement D,JUSTICE AND COMMUNITY SAFETY DIRECTORATE,24,Changes to appropriation – Controlled Recurrent Payments ($’000),$'000,Commonwealth Grant – Specialised and Trauma-Informed Legal Services for Victim-Survivors of Sexual Assault,-300,300,,,
Statement D,JUSTICE AND COMMUNITY SAFETY DIRECTORATE,24,Changes to appropriation – Controlled Recurrent Payments ($’000),$'000,External Merits Review of Child Protection Decisions,-121,121,,,
Statement D,JUSTICE AND COMMUNITY SAFETY DIRECTORATE,24,Changes to appropriation – Controlled Recurrent Payments ($’000),$'000,Government Response to the Sexual Assault (Police) Review Report,-200,200,,,
Statement D,JUSTICE AND COMMUNITY SAFETY DIRECTORATE,24,Changes to appropriation – Controlled Recurrent Payments ($’000),$'000,Investing in Public Safety – Resources to support the implementation of the Project Assisting Victims Recovery and Experience (PAVER) System Review – Phase 2,-300,300,,,
Statement D,JUSTICE AND COMMUNITY SAFETY DIRECTORATE,24,Changes to appropriation – Controlled Recurrent Payments ($’000),$'000,Justice Housing Program Continuation and Expansion,-1142,1142,,,
Statement D,JUSTICE AND COMMUNITY SAFETY DIRECTORATE,24,Changes to appropriation – Controlled Recurrent Payments ($’000),$'000,Justice reform – Implementing the Sexual Assault (Police) review report – Sexual Assault Advocates,-552,,552,,
Statement D,JUSTICE AND COMMUNITY SAFETY DIRECTORATE,24,Changes to appropriation – Controlled Recurrent Payments ($’000),$'000,Justice reform – Improving safety and wellbeing at the Alexander Maconochie Centre,-338,338,,,
Statement D,JUSTICE AND COMMUNITY SAFETY DIRECTORATE,24,Changes to appropriation – Controlled Recurrent Payments ($’000),$'000,National Firearms Register,-235,235,,,
Statement D,JUSTICE AND COMMUNITY SAFETY DIRECTORATE,24,Changes to appropriation – Controlled Recurrent Payments ($’000),$'000,Strengthening emergency services – ICT system upgrades,-2000,2000,,,
Statement D,JUSTICE AND COMMUNITY SAFETY DIRECTORATE,24,Changes to appropriation – Controlled Recurrent Payments ($’000),$'000,Well-prepared emergency services – ACT Ambulance Service – Modernised and Sustainable Service Plan,-202,202,,,
Statement D,JUSTICE AND COMMUNITY SAFETY DIRECTORATE,24,Changes to appropriation – Controlled Recurrent Payments ($’000),$'000,Revised Indexation Parameters,,10,13,16,5254
Statement D,JUSTICE AND COMMUNITY SAFETY DIRECTORATE,24,Changes to appropriation – Controlled Recurrent Payments ($’000),$'000,Revised Superannuation Parameters,,2210,2617,2475,2087
Statement D,JUSTICE AND COMMUNITY SAFETY DIRECTORATE,24,Changes to appropriation – Controlled Recurrent Payments ($’000),$'000,Revised Wage Parameters,,2899,,,
Statement D,JUSTICE AND COMMUNITY SAFETY DIRECTORATE,24,Changes to appropriation – Controlled Recurrent Payments ($’000),$'000,Savings,,,,,
Statement D,JUSTICE AND COMMUNITY SAFETY DIRECTORATE,24,Changes to appropriation – Controlled Recurrent Payments ($’000),$'000,Justice reform – Continued support for the ACT Intermediary Program,,-338,-343,-348,-353
Statement D,JUSTICE AND COMMUNITY SAFETY DIRECTORATE,24,Changes to appropriation – Controlled Recurrent Payments ($’000),$'000,Workers' Compensation,,-3251,,,
Statement D,JUSTICE AND COMMUNITY SAFETY DIRECTORATE,24,Changes to appropriation – Controlled Recurrent Payments ($’000),$'000,Transfers,,,,,
Statement D,JUSTICE AND COMMUNITY SAFETY DIRECTORATE,24,Changes to appropriation – Controlled Recurrent Payments ($’000),$'000,Administrative on-costs to CMTEDD and DCBR,,-84,-86,-87,-91
Statement D,JUSTICE AND COMMUNITY SAFETY DIRECTORATE,24,Changes to appropriation – Controlled Recurrent Payments ($’000),$'000,iCBR's infrastructure enabling services and management of government places – to iCBR,,1565,1616,1668,1709
Statement D,JUSTICE AND COMMUNITY SAFETY DIRECTORATE,24,Changes to appropriation – Controlled Recurrent Payments ($’000),$'000,Secure Zone Fund from CMTEDD to JACS,,55,55,55,55
Statement D,JUSTICE AND COMMUNITY SAFETY DIRECTORATE,24,Changes to appropriation – Controlled Recurrent Payments ($’000),$'000,Upgrades for ACT Corrective Services facilities – Budget Realignment,,,,,-232
Statement D,JUSTICE AND COMMUNITY SAFETY DIRECTORATE,24,Changes to appropriation – Controlled Recurrent Payments ($’000),$'000,2026-27 Budget,456829,506018,467843,464645,470111
Statement D,JUSTICE AND COMMUNITY SAFETY DIRECTORATE,25,Changes to Appropriation – Expenses on Behalf of the Territory ($’000),$'000,2025-26 Budget,290542,296920,303156,298230,298230
Statement D,JUSTICE AND COMMUNITY SAFETY DIRECTORATE,25,Changes to Appropriation – Expenses on Behalf of the Territory ($’000),$'000,2025-26 Budget Review,,,,,
Statement D,JUSTICE AND COMMUNITY SAFETY DIRECTORATE,25,Changes to Appropriation – Expenses on Behalf of the Territory ($’000),$'000,Justice reform –Support for ACT Victims of Crime,,8117,8692,7360,7939
Statement D,JUSTICE AND COMMUNITY SAFETY DIRECTORATE,25,Changes to Appropriation – Expenses on Behalf of the Territory ($’000),$'000,FMA Section 16B Rollovers from 2024-25,,,,,
Statement D,JUSTICE AND COMMUNITY SAFETY DIRECTORATE,25,Changes to Appropriation – Expenses on Behalf of the Territory ($’000),$'000,More support for families and inclusion – Implementing the Commonwealth Redress Scheme for Institutional Child and Sexual Abuse,387,,,,
Statement D,JUSTICE AND COMMUNITY SAFETY DIRECTORATE,25,Changes to Appropriation – Expenses on Behalf of the Territory ($’000),$'000,2026-27 Budget Policy Decisions,,,,,
Statement D,JUSTICE AND COMMUNITY SAFETY DIRECTORATE,25,Changes to Appropriation – Expenses on Behalf of the Territory ($’000),$'000,ACT Firearms Buyback Scheme,,NFP,,,
Statement D,JUSTICE AND COMMUNITY SAFETY DIRECTORATE,25,Changes to Appropriation – Expenses on Behalf of the Territory ($’000),$'000,Better facilities for ACT Policing – Enhancing firearms storage and asset replacement – Offset – ACT Policing base funding,,-160,,,
Statement D,JUSTICE AND COMMUNITY SAFETY DIRECTORATE,25,Changes to Appropriation – Expenses on Behalf of the Territory ($’000),$'000,Board of Inquiry into Aboriginal and Torres Strait Islander Deaths in Custody,,134,66,,
Statement D,JUSTICE AND COMMUNITY SAFETY DIRECTORATE,25,Changes to Appropriation – Expenses on Behalf of the Territory ($’000),$'000,National Firearms Register,443,6413,7585,949,949
Statement D,JUSTICE AND COMMUNITY SAFETY DIRECTORATE,25,Changes to Appropriation – Expenses on Behalf of the Territory ($’000),$'000,Sustaining Territory legal and human rights services,,800,600,,
Statement D,JUSTICE AND COMMUNITY SAFETY DIRECTORATE,25,Changes to Appropriation – Expenses on Behalf of the Territory ($’000),$'000,2026-27 Budget Technical Adjustments,,,,,
Statement D,JUSTICE AND COMMUNITY SAFETY DIRECTORATE,25,Changes to Appropriation – Expenses on Behalf of the Territory ($’000),$'000,Commonwealth Grant – Family Law Information Sharing,256,259,262,,
Statement D,JUSTICE AND COMMUNITY SAFETY DIRECTORATE,25,Changes to Appropriation – Expenses on Behalf of the Territory ($’000),$'000,Correction – Well-prepared emergency services – More ACT Police,,,441,,
Statement D,JUSTICE AND COMMUNITY SAFETY DIRECTORATE,25,Changes to Appropriation – Expenses on Behalf of the Territory ($’000),$'000,Remuneration Tribunal Determinations,,391,391,391,391
Statement D,JUSTICE AND COMMUNITY SAFETY DIRECTORATE,25,Changes to Appropriation – Expenses on Behalf of the Territory ($’000),$'000,Revised Funding Profile – More support for families and inclusion – Implementing the Commonwealth Redress Scheme for Institutional Child and Sexual Abuse,-4957,1057,3900,,
Statement D,JUSTICE AND COMMUNITY SAFETY DIRECTORATE,25,Changes to Appropriation – Expenses on Behalf of the Territory ($’000),$'000,Revised Indexation Parameters,,,102,186,700
Statement D,JUSTICE AND COMMUNITY SAFETY DIRECTORATE,25,Changes to Appropriation – Expenses on Behalf of the Territory ($’000),$'000,Transfer – iCBR's infrastructure enabling services and management of government places – to iCBR,,-9,-9,-8,-8
Statement D,JUSTICE AND COMMUNITY SAFETY DIRECTORATE,25,Changes to Appropriation – Expenses on Behalf of the Territory ($’000),$'000,2026-27 Budget,286671,320154,325186,307108,308201
Statement D,JUSTICE AND COMMUNITY SAFETY DIRECTORATE,26,"Changes to appropriation – Capital Injections, Controlled ($’000)",$'000,2025-26 Budget,53526,11799,7081,7559,11058
Statement D,JUSTICE AND COMMUNITY SAFETY DIRECTORATE,26,"Changes to appropriation – Capital Injections, Controlled ($’000)",$'000,2026-27 Budget Policy Decisions,,,,,
Statement D,JUSTICE AND COMMUNITY SAFETY DIRECTORATE,26,"Changes to appropriation – Capital Injections, Controlled ($’000)",$'000,Legislation register server upgrades,,444,,,
Statement D,JUSTICE AND COMMUNITY SAFETY DIRECTORATE,26,"Changes to appropriation – Capital Injections, Controlled ($’000)",$'000,Modernising critical ACT Courts and Tribunal case management,,6499,2116,,
Statement D,JUSTICE AND COMMUNITY SAFETY DIRECTORATE,26,"Changes to appropriation – Capital Injections, Controlled ($’000)",$'000,Offset – From Controlled Recurrent Payments to Capital Injections,,-727,-1200,,
Statement D,JUSTICE AND COMMUNITY SAFETY DIRECTORATE,26,"Changes to appropriation – Capital Injections, Controlled ($’000)",$'000,Strengthening emergency services – More frontline paramedics,,544,734,,
Statement D,JUSTICE AND COMMUNITY SAFETY DIRECTORATE,26,"Changes to appropriation – Capital Injections, Controlled ($’000)",$'000,Strengthening emergency services – Upgrades to major ICT systems,,4785,,,
Statement D,JUSTICE AND COMMUNITY SAFETY DIRECTORATE,26,"Changes to appropriation – Capital Injections, Controlled ($’000)",$'000,Offset – More ACT Fire & Rescue Staff and Construction of Acton Station,,-485,,,
Statement D,JUSTICE AND COMMUNITY SAFETY DIRECTORATE,26,"Changes to appropriation – Capital Injections, Controlled ($’000)",$'000,Offset – Strengthening emergency services – ICT system upgrades,,-1265,,,
Statement D,JUSTICE AND COMMUNITY SAFETY DIRECTORATE,26,"Changes to appropriation – Capital Injections, Controlled ($’000)",$'000,Strengthening emergency services – Vehicle Replacement program and facilities upgrades,,12873,6749,4119,
Statement D,JUSTICE AND COMMUNITY SAFETY DIRECTORATE,26,"Changes to appropriation – Capital Injections, Controlled ($’000)",$'000,Upgrades to the electronic security system at the AMC,,5731,2214,,
Statement D,JUSTICE AND COMMUNITY SAFETY DIRECTORATE,26,"Changes to appropriation – Capital Injections, Controlled ($’000)",$'000,Offset – Upgrading essential services at the Alexander Maconochie Centre,,-946,,,
Statement D,JUSTICE AND COMMUNITY SAFETY DIRECTORATE,26,"Changes to appropriation – Capital Injections, Controlled ($’000)",$'000,2026-27 Budget Technical adjustment,,,,,
Statement D,JUSTICE AND COMMUNITY SAFETY DIRECTORATE,26,"Changes to appropriation – Capital Injections, Controlled ($’000)",$'000,Revised Funding Profile,,,,,
Statement D,JUSTICE AND COMMUNITY SAFETY DIRECTORATE,26,"Changes to appropriation – Capital Injections, Controlled ($’000)",$'000,Accommodation for the Aboriginal and Torres Strait Islander Children’s and Young People’s Commissioner,-600,600,,,
Statement D,JUSTICE AND COMMUNITY SAFETY DIRECTORATE,26,"Changes to appropriation – Capital Injections, Controlled ($’000)",$'000,Justice Reform – New client interface platform for the ACT Civil & Administrative Tribunal (ACAT) and Forensic Medicine Centre Upgrade,-908,908,,,
Statement D,JUSTICE AND COMMUNITY SAFETY DIRECTORATE,26,"Changes to appropriation – Capital Injections, Controlled ($’000)",$'000,Upgrades for ACT Corrective Services facilities,-1100,1100,,,
Statement D,JUSTICE AND COMMUNITY SAFETY DIRECTORATE,26,"Changes to appropriation – Capital Injections, Controlled ($’000)",$'000,Justice reform – Investing in rehabilitation opportunities for detainees at the Alexander Maconochie Centre,-1300,1300,,,
Statement D,JUSTICE AND COMMUNITY SAFETY DIRECTORATE,26,"Changes to appropriation – Capital Injections, Controlled ($’000)",$'000,Womens Remand Centre Improvements,-200,200,,,
Statement D,JUSTICE AND COMMUNITY SAFETY DIRECTORATE,26,"Changes to appropriation – Capital Injections, Controlled ($’000)",$'000,Body Scanner for the Court Transport Unit,-350,350,,,
Statement D,JUSTICE AND COMMUNITY SAFETY DIRECTORATE,26,"Changes to appropriation – Capital Injections, Controlled ($’000)",$'000,Upgrading essential services at the Alexander Maconochie Centre,-946,946,,,
Statement D,JUSTICE AND COMMUNITY SAFETY DIRECTORATE,26,"Changes to appropriation – Capital Injections, Controlled ($’000)",$'000,Strengthening emergency services – ICT system upgrades,-2283,2283,,,
Statement D,JUSTICE AND COMMUNITY SAFETY DIRECTORATE,26,"Changes to appropriation – Capital Injections, Controlled ($’000)",$'000,Strengthening emergency services – Vehicle Replacement program and facilities upgrades,-133,133,,,
Statement D,JUSTICE AND COMMUNITY SAFETY DIRECTORATE,26,"Changes to appropriation – Capital Injections, Controlled ($’000)",$'000,ESA Vehicle Replacement Program – Molonglo Station,-4079,4079,,,
Statement D,JUSTICE AND COMMUNITY SAFETY DIRECTORATE,26,"Changes to appropriation – Capital Injections, Controlled ($’000)",$'000,Well-prepared emergency services – ACT Ambulance Service modernisation,-824,824,,,
Statement D,JUSTICE AND COMMUNITY SAFETY DIRECTORATE,26,"Changes to appropriation – Capital Injections, Controlled ($’000)",$'000,More ACT Fire & Rescue Staff and Construction of Acton Station,-485,485,,,
Statement D,JUSTICE AND COMMUNITY SAFETY DIRECTORATE,26,"Changes to appropriation – Capital Injections, Controlled ($’000)",$'000,Savings,,,,,
Statement D,JUSTICE AND COMMUNITY SAFETY DIRECTORATE,26,"Changes to appropriation – Capital Injections, Controlled ($’000)",$'000,Asset Renewal Program,,-961,-1518,-1158,-1257
Statement D,JUSTICE AND COMMUNITY SAFETY DIRECTORATE,27,"Changes to appropriation – Capital Injections, Territorial ($’000)",$'000,2025-26 Budget,4214,328,328,328,341
Statement D,JUSTICE AND COMMUNITY SAFETY DIRECTORATE,27,"Changes to appropriation – Capital Injections, Territorial ($’000)",$'000,2026-27 Budget Policy Decisions,,,,,
Statement D,JUSTICE AND COMMUNITY SAFETY DIRECTORATE,27,"Changes to appropriation – Capital Injections, Territorial ($’000)",$'000,Better facilities for ACT Policing – Enhancing firearms storage and asset replacement,,2093,,,
Statement D,JUSTICE AND COMMUNITY SAFETY DIRECTORATE,27,"Changes to appropriation – Capital Injections, Territorial ($’000)",$'000,Offset – Well-prepared emergency services – Better facilities for ACT Policing,,-721,,,
Statement D,JUSTICE AND COMMUNITY SAFETY DIRECTORATE,27,"Changes to appropriation – Capital Injections, Territorial ($’000)",$'000,Offset – Better facilities for ACT Policing,,-560,,,
Statement D,JUSTICE AND COMMUNITY SAFETY DIRECTORATE,27,"Changes to appropriation – Capital Injections, Territorial ($’000)",$'000,Offset – Service Purchase Payments to ACT Policing,,-160,,,
Statement D,JUSTICE AND COMMUNITY SAFETY DIRECTORATE,27,"Changes to appropriation – Capital Injections, Territorial ($’000)",$'000,2026-27 Budget Technical Adjustments,,,,,
Statement D,JUSTICE AND COMMUNITY SAFETY DIRECTORATE,27,"Changes to appropriation – Capital Injections, Territorial ($’000)",$'000,Revised Funding Profile,,,,,
Statement D,JUSTICE AND COMMUNITY SAFETY DIRECTORATE,27,"Changes to appropriation – Capital Injections, Territorial ($’000)",$'000,Better facilities for ACT Policing,-560,560,,,
Statement D,JUSTICE AND COMMUNITY SAFETY DIRECTORATE,27,"Changes to appropriation – Capital Injections, Territorial ($’000)",$'000,Well-prepared emergency services – Better facilities for ACT Policing,-721,721,,,
Statement D,JUSTICE AND COMMUNITY SAFETY DIRECTORATE,27,"Changes to appropriation – Capital Injections, Territorial ($’000)",$'000,Savings,,,,,
Statement D,JUSTICE AND COMMUNITY SAFETY DIRECTORATE,27,"Changes to appropriation – Capital Injections, Territorial ($’000)",$'000,Asset Renewal Program,,,-211,-154,-167
Statement D,JUSTICE AND COMMUNITY SAFETY DIRECTORATE,27,"Changes to appropriation – Capital Injections, Territorial ($’000)",$'000,Transfers,,,,,
Statement D,JUSTICE AND COMMUNITY SAFETY DIRECTORATE,27,"Changes to appropriation – Capital Injections, Territorial ($’000)",$'000,From Expenses on Behalf of the Territory to Capital Injections – Better facilities for ACT Policing – Enhancing firearms storage and asset replacement,,160,,,
Statement D,JUSTICE AND COMMUNITY SAFETY DIRECTORATE,27,"Changes to appropriation – Capital Injections, Territorial ($’000)",$'000,2026-27 Budget,2933,2421,117,174,174
Statement D,LEGAL AID COMMISSION (ACT),5,Changes to appropriation – Controlled Recurrent Payments ($’000),$'000,2025-26 Budget,20519,20711,20210,20548,20560
Statement D,LEGAL AID COMMISSION (ACT),5,Changes to appropriation – Controlled Recurrent Payments ($’000),$'000,2025-26 Budget Review,,,,,
Statement D,LEGAL AID COMMISSION (ACT),5,Changes to appropriation – Controlled Recurrent Payments ($’000),$'000,Justice Reform - More Support for the ACT Intermediary Program,0,113,116,118,122
Statement D,LEGAL AID COMMISSION (ACT),5,Changes to appropriation – Controlled Recurrent Payments ($’000),$'000,2026-27 Budget Policy Decisions,,,,,
Statement D,LEGAL AID COMMISSION (ACT),5,Changes to appropriation – Controlled Recurrent Payments ($’000),$'000,Legal assistance for vulnerable Canberrans,0,1650,164,168,172
Statement D,LEGAL AID COMMISSION (ACT),5,Changes to appropriation – Controlled Recurrent Payments ($’000),$'000,2026-27 Budget Technical Adjustments,,,,,
Statement D,LEGAL AID COMMISSION (ACT),5,Changes to appropriation – Controlled Recurrent Payments ($’000),$'000,Commonwealth Grant - National Access to Justice Partnership,0,16,32,25,378
Statement D,LEGAL AID COMMISSION (ACT),5,Changes to appropriation – Controlled Recurrent Payments ($’000),$'000,External Merits Review of Child Protection Decisions,0,225,0,0,0
Statement D,LEGAL AID COMMISSION (ACT),5,Changes to appropriation – Controlled Recurrent Payments ($’000),$'000,Remuneration Tribunal Determinations,0,25,25,25,25
Statement D,LEGAL AID COMMISSION (ACT),5,Changes to appropriation – Controlled Recurrent Payments ($’000),$'000,Revised Indexation Parameters,0,0,0,0,187
Statement D,LEGAL AID COMMISSION (ACT),5,Changes to appropriation – Controlled Recurrent Payments ($’000),$'000,Revised Superannuation Parameters,0,137,308,487,604
Statement D,LEGAL AID COMMISSION (ACT),5,Changes to appropriation – Controlled Recurrent Payments ($’000),$'000,Revised Wage Parameters,0,124,0,0,0
Statement D,LEGAL AID COMMISSION (ACT),5,Changes to appropriation – Controlled Recurrent Payments ($’000),$'000,Workers Compensation premium adjustment,0,-9,0,0,0
Statement D,LEGAL AID COMMISSION (ACT),5,Changes to appropriation – Controlled Recurrent Payments ($’000),$'000,2026-27 Budget,20519,22992,20855,21371,22048
Statement D,STATEMENT OF INTENT,6,Changes to appropriation – Controlled Recurrent Payments ($’000),$'000,2025-26 Budget,2629,2502,2393,2296,2305
Statement D,STATEMENT OF INTENT,6,Changes to appropriation – Controlled Recurrent Payments ($’000),$'000,2026-27 Budget Policy Decisions,,,,,
Statement D,STATEMENT OF INTENT,6,Changes to appropriation – Controlled Recurrent Payments ($’000),$'000,Building safer communities – Strengthening DFSV system foundations,0,-7,-7,-4,-4
Statement D,STATEMENT OF INTENT,6,Changes to appropriation – Controlled Recurrent Payments ($’000),$'000,2026-27 Budget Technical Adjustments,,,,,
Statement D,STATEMENT OF INTENT,6,Changes to appropriation – Controlled Recurrent Payments ($’000),$'000,Super Round Robin 2025-26,0,4,6,7,7
Statement D,STATEMENT OF INTENT,6,Changes to appropriation – Controlled Recurrent Payments ($’000),$'000,Revised Wage Parameters,0,69,0,0,0
Statement D,STATEMENT OF INTENT,6,Changes to appropriation – Controlled Recurrent Payments ($’000),$'000,Revised Indexation Parameters,0,0,0,0,-69
Statement D,STATEMENT OF INTENT,6,Changes to appropriation – Controlled Recurrent Payments ($’000),$'000,2026-27 Budget,2629,2568,2392,2299,2239
Statement E,ACT GAMBLING AND RACING COMMISSION,3,Changes to Appropriation – Controlled Recurrent Payments ($’000),$'000,2025-26 Budget,6124,6243,6343,6445,6445
Statement E,ACT GAMBLING AND RACING COMMISSION,3,Changes to Appropriation – Controlled Recurrent Payments ($’000),$'000,2026-27 Budget Technical Adjustments,,,,,
Statement E,ACT GAMBLING AND RACING COMMISSION,3,Changes to Appropriation – Controlled Recurrent Payments ($’000),$'000,Revised Indexation Parameters,0,0,0,0,104
Statement E,ACT GAMBLING AND RACING COMMISSION,3,Changes to Appropriation – Controlled Recurrent Payments ($’000),$'000,2026-27 Budget,6124,6243,6343,6445,6549
Statement F,EDUCATION DIRECTORATE,23,Changes to Appropriation - Controlled Recurrent Payments ($’000),$'000,2025-26 Budget,1094012,1126372,1161177,1198802,1196508
Statement F,EDUCATION DIRECTORATE,23,Changes to Appropriation - Controlled Recurrent Payments ($’000),$'000,2025-26 Budget Review,,,,,
Statement F,EDUCATION DIRECTORATE,23,Changes to Appropriation - Controlled Recurrent Payments ($’000),$'000,Management of Contaminated Sand Products in Public Schools,2000,0,0,0,0
Statement F,EDUCATION DIRECTORATE,23,Changes to Appropriation - Controlled Recurrent Payments ($’000),$'000,Supporting Public Schools,43345,0,0,0,0
Statement F,EDUCATION DIRECTORATE,23,Changes to Appropriation - Controlled Recurrent Payments ($’000),$'000,2026-27 Budget Policy Decisions,,,,,
Statement F,EDUCATION DIRECTORATE,23,Changes to Appropriation - Controlled Recurrent Payments ($’000),$'000,Bargaining for the Administrative and Related Classifications Enterprise Agreement - School Based Staff,0,2609,2609,2609,2609
Statement F,EDUCATION DIRECTORATE,23,Changes to Appropriation - Controlled Recurrent Payments ($’000),$'000,Building Safer Communities - Strengthening DFSV System Foundations,0,-187,-192,-106,-108
Statement F,EDUCATION DIRECTORATE,23,Changes to Appropriation - Controlled Recurrent Payments ($’000),$'000,Continuing and Improving Preschool for Four-Year-Olds,0,1372,707,0,0
Statement F,EDUCATION DIRECTORATE,23,Changes to Appropriation - Controlled Recurrent Payments ($’000),$'000,Continuing School Cleaning Service,0,1331,1860,2480,2512
Statement F,EDUCATION DIRECTORATE,23,Changes to Appropriation - Controlled Recurrent Payments ($’000),$'000,Cost of living - Future of Education Equity Fund,0,977,0,0,0
Statement F,EDUCATION DIRECTORATE,23,Changes to Appropriation - Controlled Recurrent Payments ($’000),$'000,Feasibility for Expansion of Flexible Education and Specialist Schools,0,100,500,0,0
Statement F,EDUCATION DIRECTORATE,23,Changes to Appropriation - Controlled Recurrent Payments ($’000),$'000,Future of Education - One Public Education System,0,3320,3607,500,500
Statement F,EDUCATION DIRECTORATE,23,Changes to Appropriation - Controlled Recurrent Payments ($’000),$'000,Head Start Program,0,384,390,0,0
Statement F,EDUCATION DIRECTORATE,23,Changes to Appropriation - Controlled Recurrent Payments ($’000),$'000,Investing in Public Services - Strengthening Government Procurement,0,-178,-181,-96,-97
Statement F,EDUCATION DIRECTORATE,23,Changes to Appropriation - Controlled Recurrent Payments ($’000),$'000,Strengthening the Regulation of Early Childhood Education and Care,0,1786,2718,2621,2615
Statement F,EDUCATION DIRECTORATE,23,Changes to Appropriation - Controlled Recurrent Payments ($’000),$'000,Supporting Disability Services - Design and implementation of Thriving Kids,0,-220,-223,-226,0
Statement F,EDUCATION DIRECTORATE,23,Changes to Appropriation - Controlled Recurrent Payments ($’000),$'000,Supporting Public Schools,0,40298,20678,0,0
Statement F,EDUCATION DIRECTORATE,23,Changes to Appropriation - Controlled Recurrent Payments ($’000),$'000,2026-27 Budget Technical Adjustments,,,,,
Statement F,EDUCATION DIRECTORATE,23,Changes to Appropriation - Controlled Recurrent Payments ($’000),$'000,2026 Equitable Enrolment Adjustment,0,1067,1099,1132,1165
Statement F,EDUCATION DIRECTORATE,23,Changes to Appropriation - Controlled Recurrent Payments ($’000),$'000,2026 Government School Enrolment Adjustment,0,-1472,-1516,-1561,-1607
Statement F,EDUCATION DIRECTORATE,23,Changes to Appropriation - Controlled Recurrent Payments ($’000),$'000,2026 Preschool Enrolment Adjustment,0,308,317,327,336
Statement F,EDUCATION DIRECTORATE,23,Changes to Appropriation - Controlled Recurrent Payments ($’000),$'000,Commonwealth Grant - Better and Fairer Schools Agreement -Government Schools,0,4036,2465,-116,6815
Statement F,EDUCATION DIRECTORATE,23,Changes to Appropriation - Controlled Recurrent Payments ($’000),$'000,Commonwealth Grant - Expansion of the Joint Compliance and Monitoring Program,400,680,680,680,0
Statement F,EDUCATION DIRECTORATE,23,Changes to Appropriation - Controlled Recurrent Payments ($’000),$'000,Commonwealth Grant - National Capital Functions Program,0,0,0,0,-1713
Statement F,EDUCATION DIRECTORATE,23,Changes to Appropriation - Controlled Recurrent Payments ($’000),$'000,Commonwealth Grant - Preschool Reform Agreement,2896,9654,6758,0,0
Statement F,EDUCATION DIRECTORATE,23,Changes to Appropriation - Controlled Recurrent Payments ($’000),$'000,Commonwealth Grant Reprofiling - Better and Fairer Schools Agreement - Government Schools,-5015,5015,0,0,0
Statement F,EDUCATION DIRECTORATE,23,Changes to Appropriation - Controlled Recurrent Payments ($’000),$'000,Commonwealth Grant Reprofiling - Consent and Respectful Relationships Education - Government Schools,-97,97,0,0,0
Statement F,EDUCATION DIRECTORATE,23,Changes to Appropriation - Controlled Recurrent Payments ($’000),$'000,Commonwealth Grant Reprofiling - National Student Wellbeing Program,-374,374,0,0,0
Statement F,EDUCATION DIRECTORATE,23,Changes to Appropriation - Controlled Recurrent Payments ($’000),$'000,Commonwealth Grant Reprofiling - Preschool Reform Agreement,-3421,3421,0,0,0
Statement F,EDUCATION DIRECTORATE,23,Changes to Appropriation - Controlled Recurrent Payments ($’000),$'000,Commonwealth Grant Reprofiling - Workload Reduction Fund,-1333,1333,0,0,0
Statement F,EDUCATION DIRECTORATE,23,Changes to Appropriation - Controlled Recurrent Payments ($’000),$'000,Parameter Adjustments - Previous Budget,-125,-137,-105,-301,-119
Statement F,EDUCATION DIRECTORATE,23,Changes to Appropriation - Controlled Recurrent Payments ($’000),$'000,Revised Funding Profile - Continuing Free Meals in Schools,-645,645,0,0,0
Statement F,EDUCATION DIRECTORATE,23,Changes to Appropriation - Controlled Recurrent Payments ($’000),$'000,Revised Funding Profile - Early Childhood Scholarships,-1504,1504,0,0,0
Statement F,EDUCATION DIRECTORATE,23,Changes to Appropriation - Controlled Recurrent Payments ($’000),$'000,Revised Funding Profile - Investing in Public Education - Essential ICT Systems Upgrades and Modifications,-169,169,0,0,0
Statement F,EDUCATION DIRECTORATE,23,Changes to Appropriation - Controlled Recurrent Payments ($’000),$'000,Revised Funding Profile - Literacy and Numeracy - Strong Foundations,-50,50,0,0,0
Statement F,EDUCATION DIRECTORATE,23,Changes to Appropriation - Controlled Recurrent Payments ($’000),$'000,Revised Funding Profile - Supporting a Future Workforce - Try-a-Trade Program Expansion,-214,214,0,0,0
Statement F,EDUCATION DIRECTORATE,23,Changes to Appropriation - Controlled Recurrent Payments ($’000),$'000,Revised Funding Profile - Teacher Librarian Scholarships,-254,254,0,0,0
Statement F,EDUCATION DIRECTORATE,23,Changes to Appropriation - Controlled Recurrent Payments ($’000),$'000,Revised Funding Profile - Universal Access to Preschool for       Three-Year Olds,-290,290,0,0,0
Statement F,EDUCATION DIRECTORATE,23,Changes to Appropriation - Controlled Recurrent Payments ($’000),$'000,Revised Indexation Parameters,0,0,0,0,27910
Statement F,EDUCATION DIRECTORATE,23,Changes to Appropriation - Controlled Recurrent Payments ($’000),$'000,Revised Wage Parameters,0,7677,0,0,0
Statement F,EDUCATION DIRECTORATE,23,Changes to Appropriation - Controlled Recurrent Payments ($’000),$'000,Workers Compensation Savings,0,-1216,0,0,0
Statement F,EDUCATION DIRECTORATE,23,Changes to Appropriation - Controlled Recurrent Payments ($’000),$'000,2026-27 Budget,1129162,1211927,1203348,1206745,1237326
Statement F,EDUCATION DIRECTORATE,24,Changes to Appropriation - Expenses on Behalf of the Territory ($’000),$'000,2025-26 Budget,399979,412414,426606,440500,440500
Statement F,EDUCATION DIRECTORATE,24,Changes to Appropriation - Expenses on Behalf of the Territory ($’000),$'000,2026-27 Budget Technical Adjustments,,,,,
Statement F,EDUCATION DIRECTORATE,24,Changes to Appropriation - Expenses on Behalf of the Territory ($’000),$'000,2026 Non-Government School Enrolment Adjustment,-3020,6623,4255,4397,4538
Statement F,EDUCATION DIRECTORATE,24,Changes to Appropriation - Expenses on Behalf of the Territory ($’000),$'000,Commonwealth Grant - Better and Fairer Schools Agreement -      Non-Government Schools,10722,15904,20046,23829,41411
Statement F,EDUCATION DIRECTORATE,24,Changes to Appropriation - Expenses on Behalf of the Territory ($’000),$'000,Revised Indexation Parameters,0,0,0,0,2489
Statement F,EDUCATION DIRECTORATE,24,Changes to Appropriation - Expenses on Behalf of the Territory ($’000),$'000,2026-27 Budget,407681,434941,450907,468726,488938
Statement F,EDUCATION DIRECTORATE,25,"Changes to Appropriation - Capital Injections, Controlled ($’000)",$'000,2025-26 Budget,103878,54119,42630,44382,46313
Statement F,EDUCATION DIRECTORATE,25,"Changes to Appropriation - Capital Injections, Controlled ($’000)",$'000,FMA Section 16B Rollovers from 2024-25,,,,,
Statement F,EDUCATION DIRECTORATE,25,"Changes to Appropriation - Capital Injections, Controlled ($’000)",$'000,Asset Renewal Program,-930,0,0,0,0
Statement F,EDUCATION DIRECTORATE,25,"Changes to Appropriation - Capital Injections, Controlled ($’000)",$'000,Cost of Living - Free School Camps at Birrigai,20,0,0,0,0
Statement F,EDUCATION DIRECTORATE,25,"Changes to Appropriation - Capital Injections, Controlled ($’000)",$'000,Delivering Energy Efficient Heating Upgrades for ACT Public Schools,-845,0,0,0,0
Statement F,EDUCATION DIRECTORATE,25,"Changes to Appropriation - Capital Injections, Controlled ($’000)",$'000,Investing in Public Education - Digital Access and Equity,-2,0,0,0,0
Statement F,EDUCATION DIRECTORATE,25,"Changes to Appropriation - Capital Injections, Controlled ($’000)",$'000,"More Schools, Better Schools - Delivering Molonglo P-10",493,0,0,0,0
Statement F,EDUCATION DIRECTORATE,25,"Changes to Appropriation - Capital Injections, Controlled ($’000)",$'000,New and Expanded Schools - Delivering a Second College for Gungahlin,93,0,0,0,0
Statement F,EDUCATION DIRECTORATE,25,"Changes to Appropriation - Capital Injections, Controlled ($’000)",$'000,New and Expanded Schools - Development of the Whitlam Primary School and Early Childhood Education Centre,401,0,0,0,0
Statement F,EDUCATION DIRECTORATE,25,"Changes to Appropriation - Capital Injections, Controlled ($’000)",$'000,New and Expanded Schools - Enhancing Community Use of Public School Facilities,2,0,0,0,0
Statement F,EDUCATION DIRECTORATE,25,"Changes to Appropriation - Capital Injections, Controlled ($’000)",$'000,New and Expanded Schools - Expansion of Margaret Hendry Primary School and a New Taylor High,-2712,0,0,0,0
Statement F,EDUCATION DIRECTORATE,25,"Changes to Appropriation - Capital Injections, Controlled ($’000)",$'000,"New and Expanded Schools - Feasibility, Planning and Design for Future Public Schools",-90,0,0,0,0
Statement F,EDUCATION DIRECTORATE,25,"Changes to Appropriation - Capital Injections, Controlled ($’000)",$'000,New and Expanded Schools - Garran Primary School,215,0,0,0,0
Statement F,EDUCATION DIRECTORATE,25,"Changes to Appropriation - Capital Injections, Controlled ($’000)",$'000,New and Expanded Schools - Infrastructure Upgrades Across Canberra Schools,835,0,0,0,0
Statement F,EDUCATION DIRECTORATE,25,"Changes to Appropriation - Capital Injections, Controlled ($’000)",$'000,New and Expanded Schools - Majura Primary School Modernisation,14,0,0,0,0
Statement F,EDUCATION DIRECTORATE,25,"Changes to Appropriation - Capital Injections, Controlled ($’000)",$'000,New and Expanded Schools - Narrabundah College,25,0,0,0,0
Statement F,EDUCATION DIRECTORATE,25,"Changes to Appropriation - Capital Injections, Controlled ($’000)",$'000,New and Expanded Schools - Relocatable Learning Units Across Public Schools,704,0,0,0,0
Statement F,EDUCATION DIRECTORATE,25,"Changes to Appropriation - Capital Injections, Controlled ($’000)",$'000,New and Expanded Schools - Strathnairn Primary School,48,0,0,0,0
Statement F,EDUCATION DIRECTORATE,25,"Changes to Appropriation - Capital Injections, Controlled ($’000)",$'000,New and Expanded Schools - Supplementing Construction Funding for Garran and Strathnairn Primary School,55,0,0,0,0
Statement F,EDUCATION DIRECTORATE,25,"Changes to Appropriation - Capital Injections, Controlled ($’000)",$'000,New and Expanded Schools - Telopea Park High School Modernisation,31,0,0,0,0
Statement F,EDUCATION DIRECTORATE,25,"Changes to Appropriation - Capital Injections, Controlled ($’000)",$'000,Public School Roof Replacements,395,0,0,0,0
Statement F,EDUCATION DIRECTORATE,25,"Changes to Appropriation - Capital Injections, Controlled ($’000)",$'000,Refurbishing the Lyneham High School Gym,45,0,0,0,0
Statement F,EDUCATION DIRECTORATE,25,"Changes to Appropriation - Capital Injections, Controlled ($’000)",$'000,Schools for Our Growing City - Kenny High School,2939,0,0,0,0
Statement F,EDUCATION DIRECTORATE,25,"Changes to Appropriation - Capital Injections, Controlled ($’000)",$'000,Supporting Our School System - Improving ICT,1465,0,0,0,0
Statement F,EDUCATION DIRECTORATE,25,"Changes to Appropriation - Capital Injections, Controlled ($’000)",$'000,Universal Access to Preschool for Three-Year Olds,2566,0,0,0,0
Statement F,EDUCATION DIRECTORATE,25,"Changes to Appropriation - Capital Injections, Controlled ($’000)",$'000,2026-27 Budget Policy Decisions,,,,,
Statement F,EDUCATION DIRECTORATE,25,"Changes to Appropriation - Capital Injections, Controlled ($’000)",$'000,Asset Renewal Program - Revised Parameters,0,-15501,-16791,-10748,-11996
Statement F,EDUCATION DIRECTORATE,25,"Changes to Appropriation - Capital Injections, Controlled ($’000)",$'000,Future of Education - One Public Education System,0,1400,0,0,0
Statement F,EDUCATION DIRECTORATE,25,"Changes to Appropriation - Capital Injections, Controlled ($’000)",$'000,More Sustainable Heating and Cooling in ACT Public Schools,0,7979,0,0,0
Statement F,EDUCATION DIRECTORATE,25,"Changes to Appropriation - Capital Injections, Controlled ($’000)",$'000,2026-27 Budget Technical Adjustments,,,,,
Statement F,EDUCATION DIRECTORATE,25,"Changes to Appropriation - Capital Injections, Controlled ($’000)",$'000,Parameter Adjustments - Investing in Public Education - Digital Access and Equity,0,0,0,-27,-27
Statement F,EDUCATION DIRECTORATE,25,"Changes to Appropriation - Capital Injections, Controlled ($’000)",$'000,Revised Funding Profile - New and Expanded Schools - Enhancing Community Use of Public School Facilities,-1000,1000,0,0,0
Statement F,EDUCATION DIRECTORATE,25,"Changes to Appropriation - Capital Injections, Controlled ($’000)",$'000,"Revised Funding Profile - New and Expanded Schools - Feasibility, Planning and Design for Future Public Schools",-250,250,0,0,0
Statement F,EDUCATION DIRECTORATE,25,"Changes to Appropriation - Capital Injections, Controlled ($’000)",$'000,Revised Funding Profile - New and Expanded Schools - Infrastructure Upgrades Across Canberra Schools,-9751,9751,0,0,0
Statement F,EDUCATION DIRECTORATE,25,"Changes to Appropriation - Capital Injections, Controlled ($’000)",$'000,"Revised Funding Profile - New and Expanded Schools - Supplementing Construction Funding for Garran, Strathnairn and North Gungahlin",700,-700,0,0,0
Statement F,EDUCATION DIRECTORATE,25,"Changes to Appropriation - Capital Injections, Controlled ($’000) - Continued",$'000,2026-27 Budget Technical Adjustments - Continued,,,,,
Statement F,EDUCATION DIRECTORATE,25,"Changes to Appropriation - Capital Injections, Controlled ($’000) - Continued",$'000,Revised Funding Profile - New and Expanded Schools - Upgrades for Fraser Primary School and Melba Copland Secondary School,-850,850,0,0,0
Statement F,EDUCATION DIRECTORATE,25,"Changes to Appropriation - Capital Injections, Controlled ($’000) - Continued",$'000,Revised Funding Profile - Public School Roof Replacements,-5233,4433,800,0,0
Statement F,EDUCATION DIRECTORATE,25,"Changes to Appropriation - Capital Injections, Controlled ($’000) - Continued",$'000,Revised Funding Profile - Refurbishing the Lyneham High School Gym,-1900,1900,0,0,0
Statement F,EDUCATION DIRECTORATE,25,"Changes to Appropriation - Capital Injections, Controlled ($’000) - Continued",$'000,Revised Funding Profile - Schools for Our Growing City - Kenny High School,-1300,1300,0,0,0
Statement F,EDUCATION DIRECTORATE,25,"Changes to Appropriation - Capital Injections, Controlled ($’000) - Continued",$'000,Revised Funding Profile - Universal Access to Preschool for Three-Year Olds,-163,163,0,0,0
Statement F,EDUCATION DIRECTORATE,25,"Changes to Appropriation - Capital Injections, Controlled ($’000) - Continued",$'000,2026-27 Budget,89898,66944,26639,33607,34290
Statement G,BETTER TOOLS FOR OUTSTANDING OUTCOMES,7,Changes to appropriation – Controlled Recurrent Payments ($’000),$'000,2025-26 Budget,156955,124498,153144,137836,137298
Statement G,BETTER TOOLS FOR OUTSTANDING OUTCOMES,7,Changes to appropriation – Controlled Recurrent Payments ($’000),$'000,2025-26 Budget Review,,,,,
Statement G,BETTER TOOLS FOR OUTSTANDING OUTCOMES,7,Changes to appropriation – Controlled Recurrent Payments ($’000),$'000,Better facilities for ACT Policing,98,0,0,0,0
Statement G,BETTER TOOLS FOR OUTSTANDING OUTCOMES,7,Changes to appropriation – Controlled Recurrent Payments ($’000),$'000,FMA Section 16B Rollovers from 2024-25,,,,,
Statement G,BETTER TOOLS FOR OUTSTANDING OUTCOMES,7,Changes to appropriation – Controlled Recurrent Payments ($’000),$'000,Climate action – Big Canberra Battery Stream 1,190,0,0,0,0
Statement G,BETTER TOOLS FOR OUTSTANDING OUTCOMES,7,Changes to appropriation – Controlled Recurrent Payments ($’000),$'000,Continuing the electrification of Government Gas Assets,264,0,0,0,0
Statement G,BETTER TOOLS FOR OUTSTANDING OUTCOMES,7,Changes to appropriation – Controlled Recurrent Payments ($’000),$'000,Well-prepared emergency services – Better facilities for ACT Policing,-109,0,0,0,0
Statement G,BETTER TOOLS FOR OUTSTANDING OUTCOMES,7,Changes to appropriation – Controlled Recurrent Payments ($’000),$'000,2026-27 Budget Policy Decisions,,,,,
Statement G,BETTER TOOLS FOR OUTSTANDING OUTCOMES,7,Changes to appropriation – Controlled Recurrent Payments ($’000),$'000,Delivering Light Rail to Woden,0,800,0,0,0
Statement G,BETTER TOOLS FOR OUTSTANDING OUTCOMES,7,Changes to appropriation – Controlled Recurrent Payments ($’000),$'000,Infrastructure Canberra and Digital Canberra Sustainability,0,16604,0,0,0
Statement G,BETTER TOOLS FOR OUTSTANDING OUTCOMES,7,Changes to appropriation – Controlled Recurrent Payments ($’000),$'000,Investing in public services – Relocation of Access Canberra Woden,0,0,0,31,62
Statement G,BETTER TOOLS FOR OUTSTANDING OUTCOMES,7,Changes to appropriation – Controlled Recurrent Payments ($’000),$'000,Managing government and community facilities,0,2060,902,0,0
Statement G,BETTER TOOLS FOR OUTSTANDING OUTCOMES,7,Changes to appropriation – Controlled Recurrent Payments ($’000),$'000,New City Police Station and Headquarters,0,3767,0,0,0
Statement G,BETTER TOOLS FOR OUTSTANDING OUTCOMES,7,Changes to appropriation – Controlled Recurrent Payments ($’000),$'000,Progressing public housing repairs and maintenance insourcing,0,2309,2342,8157,8804
Statement G,BETTER TOOLS FOR OUTSTANDING OUTCOMES,7,Changes to appropriation – Controlled Recurrent Payments ($’000),$'000,"Public pools upgrades, operations and maintenance",0,5202,4107,4742,2925
Statement G,BETTER TOOLS FOR OUTSTANDING OUTCOMES,7,Changes to appropriation – Controlled Recurrent Payments ($’000),$'000,Offsets,,,,,
Statement G,BETTER TOOLS FOR OUTSTANDING OUTCOMES,7,Changes to appropriation – Controlled Recurrent Payments ($’000),$'000,Better community infrastructure – Refurbishing Canberra’s public pools,0,-768,-787,-807,-827
Statement G,BETTER TOOLS FOR OUTSTANDING OUTCOMES,7,Changes to appropriation – Controlled Recurrent Payments ($’000),$'000,Better community infrastructure – a new community centre for Woden,-1214,0,0,0,0
Statement G,BETTER TOOLS FOR OUTSTANDING OUTCOMES,7,Changes to appropriation – Controlled Recurrent Payments ($’000),$'000,iCBR's infrastructure enabling services and management of government places,0,-909,-2694,-2787,-2880
Statement G,BETTER TOOLS FOR OUTSTANDING OUTCOMES,7,Changes to appropriation – Controlled Recurrent Payments ($’000),$'000,Smarter government spending - Centralising property custodianship,-1236,-500,0,0,0
Statement G,BETTER TOOLS FOR OUTSTANDING OUTCOMES,7,Changes to appropriation – Controlled Recurrent Payments ($’000),$'000,Weston Creek and Stromlo Swimming pool and leisure centre,0,-690,-707,-725,-743
Statement G,BETTER TOOLS FOR OUTSTANDING OUTCOMES,7,Changes to appropriation – Controlled Recurrent Payments ($’000),$'000,Savings,,,,,
Statement G,BETTER TOOLS FOR OUTSTANDING OUTCOMES,7,Changes to appropriation – Controlled Recurrent Payments ($’000),$'000,Investing in public services – Strengthening government procurement,0,-178,-181,-96,-97
Statement G,BETTER TOOLS FOR OUTSTANDING OUTCOMES,7,Changes to appropriation – Controlled Recurrent Payments ($’000),$'000,Worker's compensation,0,-110,0,0,0
Statement G,BETTER TOOLS FOR OUTSTANDING OUTCOMES,7,Changes to appropriation – Controlled Recurrent Payments ($’000),$'000,2026-27 Budget Technical Adjustments,,,,,
Statement G,BETTER TOOLS FOR OUTSTANDING OUTCOMES,7,Changes to appropriation – Controlled Recurrent Payments ($’000),$'000,Estimated Outcome,,,,,
Statement G,BETTER TOOLS FOR OUTSTANDING OUTCOMES,7,Changes to appropriation – Controlled Recurrent Payments ($’000),$'000,Climate action - Big Canberra Battery Stream 1,-13370,-4487,15,-550,-1035
Statement G,BETTER TOOLS FOR OUTSTANDING OUTCOMES,7,Changes to appropriation – Controlled Recurrent Payments ($’000),$'000,iCBR's infrastructure enabling services and management of government places1,0,-2728,-2816,-2909,-2970
Statement G,BETTER TOOLS FOR OUTSTANDING OUTCOMES,7,Changes to appropriation – Controlled Recurrent Payments ($’000),$'000,Revised Funding Profile,,,,,
Statement G,BETTER TOOLS FOR OUTSTANDING OUTCOMES,7,Changes to appropriation – Controlled Recurrent Payments ($’000),$'000,"30,000 homes by 2030 – Planning for more public housing",-1991,1991,0,0,0
Statement G,BETTER TOOLS FOR OUTSTANDING OUTCOMES,7,Changes to appropriation – Controlled Recurrent Payments ($’000),$'000,Continuing the electrification of Government Gas Assets,-600,600,0,0,0
Statement G,BETTER TOOLS FOR OUTSTANDING OUTCOMES,7,Changes to appropriation – Controlled Recurrent Payments ($’000),$'000,Revised Indexation Parameters,0,-1,-135,-124,1116
Statement G,BETTER TOOLS FOR OUTSTANDING OUTCOMES,7,Changes to appropriation – Controlled Recurrent Payments ($’000),$'000,Revised Superannuation Parameters Round Robin,0,1157,1061,908,891
Statement G,BETTER TOOLS FOR OUTSTANDING OUTCOMES,7,Changes to appropriation – Controlled Recurrent Payments ($’000),$'000,Revised Wage Parameters,0,308,0,0,0
Statement G,BETTER TOOLS FOR OUTSTANDING OUTCOMES,7,Changes to appropriation – Controlled Recurrent Payments ($’000),$'000,Transfer,,,,,
Statement G,BETTER TOOLS FOR OUTSTANDING OUTCOMES,7,Changes to appropriation – Controlled Recurrent Payments ($’000),$'000,Corporate Support Budget from CMTEDD,0,0,376,385,395
Statement G,BETTER TOOLS FOR OUTSTANDING OUTCOMES,7,Changes to appropriation – Controlled Recurrent Payments ($’000),$'000,Intelligent transport systems to better manage traffic congestion from CED,0,171,174,176,178
Statement G,BETTER TOOLS FOR OUTSTANDING OUTCOMES,7,Changes to appropriation – Controlled Recurrent Payments ($’000),$'000,Streamlining the funding of Infrastructure Canberra2,0,-1060,-244,0,0
Statement G,BETTER TOOLS FOR OUTSTANDING OUTCOMES,7,Changes to appropriation – Controlled Recurrent Payments ($’000),$'000,2026-27 Budget,138987,148036,154557,144237,143117
Statement G,BETTER TOOLS FOR OUTSTANDING OUTCOMES,8,"Changes to appropriation – Capital Injections, Controlled ($’000)",$'000,2025-26 Budget,657572,658079,776283,18655,198804
Statement G,BETTER TOOLS FOR OUTSTANDING OUTCOMES,8,"Changes to appropriation – Capital Injections, Controlled ($’000)",$'000,2025-26 Budget Review,,,,,
Statement G,BETTER TOOLS FOR OUTSTANDING OUTCOMES,8,"Changes to appropriation – Capital Injections, Controlled ($’000)",$'000,Better facilities for ACT Policing,3383,0,0,0,0
Statement G,BETTER TOOLS FOR OUTSTANDING OUTCOMES,8,"Changes to appropriation – Capital Injections, Controlled ($’000)",$'000,Canberra Theatre Redevelopment – Delivering a new Lyric Theatre,93538,187704,118086,15361,0
Statement G,BETTER TOOLS FOR OUTSTANDING OUTCOMES,8,"Changes to appropriation – Capital Injections, Controlled ($’000)",$'000,CIT Woden – completion of the Woden Transport interchange,0,17000,0,0,0
Statement G,BETTER TOOLS FOR OUTSTANDING OUTCOMES,8,"Changes to appropriation – Capital Injections, Controlled ($’000)",$'000,Kingston Art Precinct,0,30074,0,0,0
Statement G,BETTER TOOLS FOR OUTSTANDING OUTCOMES,8,"Changes to appropriation – Capital Injections, Controlled ($’000)",$'000,New and Expanded Schools – Modernisation of Majura Primary School,213,5575,11872,1258,0
Statement G,BETTER TOOLS FOR OUTSTANDING OUTCOMES,8,"Changes to appropriation – Capital Injections, Controlled ($’000)",$'000,New and expanded schools – Modernisation of Telopea Park School,0,6150,0,0,0
Statement G,BETTER TOOLS FOR OUTSTANDING OUTCOMES,8,"Changes to appropriation – Capital Injections, Controlled ($’000)",$'000,Whitlam Primary School Early Learning Centre,5000,5000,3000,0,0
Statement G,BETTER TOOLS FOR OUTSTANDING OUTCOMES,8,"Changes to appropriation – Capital Injections, Controlled ($’000)",$'000,Offsets,,,,,
Statement G,BETTER TOOLS FOR OUTSTANDING OUTCOMES,8,"Changes to appropriation – Capital Injections, Controlled ($’000)",$'000,Canberra Theatre Redevelopment – Lyric Theatre design,-38385,0,0,0,0
Statement G,BETTER TOOLS FOR OUTSTANDING OUTCOMES,8,"Changes to appropriation – Capital Injections, Controlled ($’000)",$'000,New and expanded schools – Majura Primary School modernisation,-7526,0,0,0,0
Statement G,BETTER TOOLS FOR OUTSTANDING OUTCOMES,8,"Changes to appropriation – Capital Injections, Controlled ($’000)",$'000,New and expanded schools – Additional Construction Funding for Majura Primary School,0,-792,-4900,-5700,0
Statement G,BETTER TOOLS FOR OUTSTANDING OUTCOMES,8,"Changes to appropriation – Capital Injections, Controlled ($’000)",$'000,New and expanded schools – Supplementing construction funding for Garran and Strathnairn primary schools and the new high school at North Gungahlin,0,-1000,-2000,0,0
Statement G,BETTER TOOLS FOR OUTSTANDING OUTCOMES,8,"Changes to appropriation – Capital Injections, Controlled ($’000)",$'000,Well-prepared emergency services – Molonglo Station and Casey Station,-3481,0,0,0,0
Statement G,BETTER TOOLS FOR OUTSTANDING OUTCOMES,8,"Changes to appropriation – Capital Injections, Controlled ($’000)",$'000,FMA Section 16B Rollovers from 2024-25,,,,,
Statement G,BETTER TOOLS FOR OUTSTANDING OUTCOMES,8,"Changes to appropriation – Capital Injections, Controlled ($’000)",$'000,2025-26 iCBR Asset renewal Program,162,0,0,0,0
Statement G,BETTER TOOLS FOR OUTSTANDING OUTCOMES,8,"Changes to appropriation – Capital Injections, Controlled ($’000)",$'000,ACT Government office accommodation consolidation,421,0,0,0,0
Statement G,BETTER TOOLS FOR OUTSTANDING OUTCOMES,8,"Changes to appropriation – Capital Injections, Controlled ($’000)",$'000,Better and safer roads – Athllon Drive duplication,2352,0,0,0,0
Statement G,BETTER TOOLS FOR OUTSTANDING OUTCOMES,8,"Changes to appropriation – Capital Injections, Controlled ($’000)",$'000,Better community infrastructure – Designing the Stromlo Forest Park district playing fields,374,0,0,0,0
Statement G,BETTER TOOLS FOR OUTSTANDING OUTCOMES,8,"Changes to appropriation – Capital Injections, Controlled ($’000)",$'000,Better community infrastructure – Garran Surge Centre deconstruction and Garran Oval remediation,771,0,0,0,0
Statement G,BETTER TOOLS FOR OUTSTANDING OUTCOMES,8,"Changes to appropriation – Capital Injections, Controlled ($’000)",$'000,Better community infrastructure – Improving local roads and community infrastructure,1236,0,0,0,0
Statement G,BETTER TOOLS FOR OUTSTANDING OUTCOMES,8,"Changes to appropriation – Capital Injections, Controlled ($’000)",$'000,Better Community Infrastructure – Public Building Upgrades – Building safety upgrades,446,0,0,0,0
Statement G,BETTER TOOLS FOR OUTSTANDING OUTCOMES,8,"Changes to appropriation – Capital Injections, Controlled ($’000)",$'000,Better Community Infrastructure – Public Building Upgrades – Depot compliance upgrades,129,0,0,0,0
Statement G,BETTER TOOLS FOR OUTSTANDING OUTCOMES,8,"Changes to appropriation – Capital Injections, Controlled ($’000)",$'000,"Better Community Infrastructure – Public Building Upgrades – Fire system, switchboard and HVAC upgrades",955,0,0,0,0
Statement G,BETTER TOOLS FOR OUTSTANDING OUTCOMES,8,"Changes to appropriation – Capital Injections, Controlled ($’000)",$'000,Better Community Infrastructure – Public Building Upgrades – Roof replacement and rectification works,1164,0,0,0,0
Statement G,BETTER TOOLS FOR OUTSTANDING OUTCOMES,8,"Changes to appropriation – Capital Injections, Controlled ($’000)",$'000,Better Community Infrastructure – Public Building Upgrades – Roof upgrades at ACT Legislative Assembly and North Buildings,145,0,0,0,0
Statement G,BETTER TOOLS FOR OUTSTANDING OUTCOMES,8,"Changes to appropriation – Capital Injections, Controlled ($’000)",$'000,Better Community infrastructure – Raising London Circuit and associated works,7965,0,0,0,0
Statement G,BETTER TOOLS FOR OUTSTANDING OUTCOMES,8,"Changes to appropriation – Capital Injections, Controlled ($’000)",$'000,Better community infrastructure – Refurbishing Canberra’s public pools,26,0,0,0,0
Statement G,BETTER TOOLS FOR OUTSTANDING OUTCOMES,8,"Changes to appropriation – Capital Injections, Controlled ($’000)",$'000,Better community infrastructure – Refurbishing community and government buildings,114,0,0,0,0
Statement G,BETTER TOOLS FOR OUTSTANDING OUTCOMES,8,"Changes to appropriation – Capital Injections, Controlled ($’000)",$'000,Better community infrastructure – Stromlo Forest Park District Playing Fields – Stage 1,200,0,0,0,0
Statement G,BETTER TOOLS FOR OUTSTANDING OUTCOMES,8,"Changes to appropriation – Capital Injections, Controlled ($’000)",$'000,Better community infrastructure – Upgrades at public pools,2,0,0,0,0
Statement G,BETTER TOOLS FOR OUTSTANDING OUTCOMES,8,"Changes to appropriation – Capital Injections, Controlled ($’000)",$'000,Better transport infrastructure – Building light rail to Woden,686,0,0,0,0
Statement G,BETTER TOOLS FOR OUTSTANDING OUTCOMES,8,"Changes to appropriation – Capital Injections, Controlled ($’000)",$'000,Better transport infrastructure – Light Rail Stage 2A,4132,0,0,0,0
Statement G,BETTER TOOLS FOR OUTSTANDING OUTCOMES,8,"Changes to appropriation – Capital Injections, Controlled ($’000)",$'000,Better transport infrastructure – New light rail vehicles and depot expansion,-16198,0,0,0,0
Statement G,BETTER TOOLS FOR OUTSTANDING OUTCOMES,8,"Changes to appropriation – Capital Injections, Controlled ($’000)",$'000,Canberra Aquatic Centre,230,0,0,0,0
Statement G,BETTER TOOLS FOR OUTSTANDING OUTCOMES,8,"Changes to appropriation – Capital Injections, Controlled ($’000)",$'000,Canberra Theatre Redevelopment – Lyric Theatre design,6840,0,0,0,0
Statement G,BETTER TOOLS FOR OUTSTANDING OUTCOMES,8,"Changes to appropriation – Capital Injections, Controlled ($’000)",$'000,"CIT Woden Campus – Provision of fitout, furniture and ICT",1666,0,0,0,0
Statement G,BETTER TOOLS FOR OUTSTANDING OUTCOMES,8,"Changes to appropriation – Capital Injections, Controlled ($’000)",$'000,Climate action – Continuing the Electrification of Government Assets,1203,0,0,0,0
Statement G,BETTER TOOLS FOR OUTSTANDING OUTCOMES,8,"Changes to appropriation – Capital Injections, Controlled ($’000)",$'000,Climate action – Moving more government facilities off gas,1271,0,0,0,0
Statement G,BETTER TOOLS FOR OUTSTANDING OUTCOMES,8,"Changes to appropriation – Capital Injections, Controlled ($’000)",$'000,Commencing the Athllon Drive Duplication,30,0,0,0,0
Statement G,BETTER TOOLS FOR OUTSTANDING OUTCOMES,8,"Changes to appropriation – Capital Injections, Controlled ($’000)",$'000,Concessional loan scheme to remediate cladding on private buildings,2943,0,0,0,0
Statement G,BETTER TOOLS FOR OUTSTANDING OUTCOMES,8,"Changes to appropriation – Capital Injections, Controlled ($’000)",$'000,Connected and sustainable Canberra – Monaro Highway upgrades,4503,0,0,0,0
Statement G,BETTER TOOLS FOR OUTSTANDING OUTCOMES,8,"Changes to appropriation – Capital Injections, Controlled ($’000)",$'000,Delivering Light Rail Stage 2,3657,0,0,0,0
Statement G,BETTER TOOLS FOR OUTSTANDING OUTCOMES,8,"Changes to appropriation – Capital Injections, Controlled ($’000)",$'000,Delivering the Home of Football at Throsby,1429,0,0,0,0
Statement G,BETTER TOOLS FOR OUTSTANDING OUTCOMES,8,"Changes to appropriation – Capital Injections, Controlled ($’000)",$'000,Hazardous Material (HAZMAT) Inspection and Remediation,309,0,0,0,0
Statement G,BETTER TOOLS FOR OUTSTANDING OUTCOMES,8,"Changes to appropriation – Capital Injections, Controlled ($’000)",$'000,Improving Canberra’s health infrastructure – Expanding health centres across the city,638,0,0,0,0
Statement G,BETTER TOOLS FOR OUTSTANDING OUTCOMES,8,"Changes to appropriation – Capital Injections, Controlled ($’000)",$'000,Improving Canberra’s health infrastructure – New Health Centres across the ACT,911,0,0,0,0
Statement G,BETTER TOOLS FOR OUTSTANDING OUTCOMES,8,"Changes to appropriation – Capital Injections, Controlled ($’000)",$'000,Improving Canberra’s health infrastructure – Redeveloping and expanding services at the Watson Health Precinct,2634,0,0,0,0
Statement G,BETTER TOOLS FOR OUTSTANDING OUTCOMES,8,"Changes to appropriation – Capital Injections, Controlled ($’000)",$'000,Improving Canberra's health infrastructure – Canberra Hospital Expansion,4046,0,0,0,0
Statement G,BETTER TOOLS FOR OUTSTANDING OUTCOMES,8,"Changes to appropriation – Capital Injections, Controlled ($’000)",$'000,Improving Canberra's health infrastructure – Detailed design for the New Northside Hospital,925,0,0,0,0
Statement G,BETTER TOOLS FOR OUTSTANDING OUTCOMES,8,"Changes to appropriation – Capital Injections, Controlled ($’000)",$'000,Improving Canberra's health infrastructure – More parking at the Canberra Hospital,-45,0,0,0,0
Statement G,BETTER TOOLS FOR OUTSTANDING OUTCOMES,8,"Changes to appropriation – Capital Injections, Controlled ($’000)",$'000,Materials Recovery Facility Expansion,-1086,0,0,0,0
Statement G,BETTER TOOLS FOR OUTSTANDING OUTCOMES,8,"Changes to appropriation – Capital Injections, Controlled ($’000)",$'000,Molonglo Enabling Works,-16292,0,0,0,0
Statement G,BETTER TOOLS FOR OUTSTANDING OUTCOMES,8,"Changes to appropriation – Capital Injections, Controlled ($’000)",$'000,More services for our suburbs – Upgrading the Old Kingston Bus Depot,260,0,0,0,0
Statement G,BETTER TOOLS FOR OUTSTANDING OUTCOMES,8,"Changes to appropriation – Capital Injections, Controlled ($’000)",$'000,New and expanded schools – Delivering a second college for Gungahlin,94,0,0,0,0
Statement G,BETTER TOOLS FOR OUTSTANDING OUTCOMES,8,"Changes to appropriation – Capital Injections, Controlled ($’000)",$'000,New and expanded schools – Development of the Whitlam Primary School and Early Childhood Education Centre,4159,0,0,0,0
Statement G,BETTER TOOLS FOR OUTSTANDING OUTCOMES,8,"Changes to appropriation – Capital Injections, Controlled ($’000)",$'000,New and expanded schools – Garran Primary School,-9770,0,0,0,0
Statement G,BETTER TOOLS FOR OUTSTANDING OUTCOMES,8,"Changes to appropriation – Capital Injections, Controlled ($’000)",$'000,New and expanded schools – Majura Primary School modernisation,333,0,0,0,0
Statement G,BETTER TOOLS FOR OUTSTANDING OUTCOMES,8,"Changes to appropriation – Capital Injections, Controlled ($’000)",$'000,New and expanded schools – Narrabundah College,4625,0,0,0,0
Statement G,BETTER TOOLS FOR OUTSTANDING OUTCOMES,8,"Changes to appropriation – Capital Injections, Controlled ($’000)",$'000,New and expanded schools – Strathnairn Primary School,7411,0,0,0,0
Statement G,BETTER TOOLS FOR OUTSTANDING OUTCOMES,8,"Changes to appropriation – Capital Injections, Controlled ($’000)",$'000,New and expanded schools – Supplementing construction funding for Garran and Strathnairn primary schools,187,0,0,0,0
Statement G,BETTER TOOLS FOR OUTSTANDING OUTCOMES,8,"Changes to appropriation – Capital Injections, Controlled ($’000)",$'000,New and expanded schools – Telopea Park High School modernisation,2200,0,0,0,0
Statement G,BETTER TOOLS FOR OUTSTANDING OUTCOMES,8,"Changes to appropriation – Capital Injections, Controlled ($’000)",$'000,Office Accommodation,-8,0,0,0,0
Statement G,BETTER TOOLS FOR OUTSTANDING OUTCOMES,8,"Changes to appropriation – Capital Injections, Controlled ($’000)",$'000,Well-prepared emergency services – Molonglo Station and Casey Station,-3793,0,0,0,0
Statement G,BETTER TOOLS FOR OUTSTANDING OUTCOMES,8,"Changes to appropriation – Capital Injections, Controlled ($’000)",$'000,2026-27 Budget Policy Decisions,,,,,
Statement G,BETTER TOOLS FOR OUTSTANDING OUTCOMES,8,"Changes to appropriation – Capital Injections, Controlled ($’000)",$'000,"30,000 homes by 2030 – Public housing pipeline",0,1995,2023,2052,0
Statement G,BETTER TOOLS FOR OUTSTANDING OUTCOMES,8,"Changes to appropriation – Capital Injections, Controlled ($’000)",$'000,Delivering a second public college for Gungahlin,0,6343,5100,0,0
Statement G,BETTER TOOLS FOR OUTSTANDING OUTCOMES,8,"Changes to appropriation – Capital Injections, Controlled ($’000)",$'000,Delivering Light Rail to Woden,0,31857,5545,0,0
Statement G,BETTER TOOLS FOR OUTSTANDING OUTCOMES,8,"Changes to appropriation – Capital Injections, Controlled ($’000)",$'000,Delivery of the Whitlam School – Stage 2,0,14091,20939,1706,0
Statement G,BETTER TOOLS FOR OUTSTANDING OUTCOMES,8,"Changes to appropriation – Capital Injections, Controlled ($’000)",$'000,iCBR 2025-26 Asset Renewal Program,0,-3950,-5146,-3293,-3675
Statement G,BETTER TOOLS FOR OUTSTANDING OUTCOMES,8,"Changes to appropriation – Capital Injections, Controlled ($’000)",$'000,Improving Canberra's health infrastructure – Delivering the new Northside Hospital,0,16260,111970,184140,184140
Statement G,BETTER TOOLS FOR OUTSTANDING OUTCOMES,8,"Changes to appropriation – Capital Injections, Controlled ($’000)",$'000,Improving Mugga Lane landfill capacity,0,1911,0,0,0
Statement G,BETTER TOOLS FOR OUTSTANDING OUTCOMES,8,"Changes to appropriation – Capital Injections, Controlled ($’000)",$'000,Infrastructure Canberra and Digital Canberra Sustainability,0,928,0,0,0
Statement G,BETTER TOOLS FOR OUTSTANDING OUTCOMES,8,"Changes to appropriation – Capital Injections, Controlled ($’000)",$'000,Investing in public services – Relocation of Access Canberra Woden,0,2881,311,0,0
Statement G,BETTER TOOLS FOR OUTSTANDING OUTCOMES,8,"Changes to appropriation – Capital Injections, Controlled ($’000)",$'000,Managing government and community facilities,0,2766,0,0,0
Statement G,BETTER TOOLS FOR OUTSTANDING OUTCOMES,8,"Changes to appropriation – Capital Injections, Controlled ($’000)",$'000,Market Conditions Provision,0,50000,0,0,0
Statement G,BETTER TOOLS FOR OUTSTANDING OUTCOMES,8,"Changes to appropriation – Capital Injections, Controlled ($’000)",$'000,"Public pools upgrades, operations and maintenance",0,718,98,210,108
Statement G,BETTER TOOLS FOR OUTSTANDING OUTCOMES,8,"Changes to appropriation – Capital Injections, Controlled ($’000)",$'000,Offsets,,,,,
Statement G,BETTER TOOLS FOR OUTSTANDING OUTCOMES,8,"Changes to appropriation – Capital Injections, Controlled ($’000)",$'000,Better transport infrastructure – Building light rail to Woden,-7500,0,0,0,0
Statement G,BETTER TOOLS FOR OUTSTANDING OUTCOMES,8,"Changes to appropriation – Capital Injections, Controlled ($’000)",$'000,Better transport infrastructure – Delivering Light Rail Stage 2A,0,-3493,0,0,0
Statement G,BETTER TOOLS FOR OUTSTANDING OUTCOMES,8,"Changes to appropriation – Capital Injections, Controlled ($’000)",$'000,Climate action – Continuing the Electrification of Government Assets,0,-5811,0,0,0
Statement G,BETTER TOOLS FOR OUTSTANDING OUTCOMES,8,"Changes to appropriation – Capital Injections, Controlled ($’000)",$'000,Well-prepared emergency services – Molonglo Station and Casey Station,0,-11001,0,0,0
Statement G,BETTER TOOLS FOR OUTSTANDING OUTCOMES,8,"Changes to appropriation – Capital Injections, Controlled ($’000)",$'000,Whitlam Primary School Early Learning Centre,0,-10000,-3000,0,0
Statement G,BETTER TOOLS FOR OUTSTANDING OUTCOMES,8,"Changes to appropriation – Capital Injections, Controlled ($’000)",$'000,Savings,,,,,
Statement G,BETTER TOOLS FOR OUTSTANDING OUTCOMES,8,"Changes to appropriation – Capital Injections, Controlled ($’000)",$'000,Improving Canberra’s health infrastructure – New Health Centres across the ACT,-457,-1019,-2062,0,0
Statement G,BETTER TOOLS FOR OUTSTANDING OUTCOMES,8,"Changes to appropriation – Capital Injections, Controlled ($’000)",$'000,Strengthening emergency services – Early works for the Casey Emergency Services Station,-5736,-3490,0,0,0
Statement G,BETTER TOOLS FOR OUTSTANDING OUTCOMES,8,"Changes to appropriation – Capital Injections, Controlled ($’000)",$'000,2026-27 Budget Technical Adjustments,,,,,
Statement G,BETTER TOOLS FOR OUTSTANDING OUTCOMES,8,"Changes to appropriation – Capital Injections, Controlled ($’000)",$'000,Commonwealth Grant,,,,,
Statement G,BETTER TOOLS FOR OUTSTANDING OUTCOMES,8,"Changes to appropriation – Capital Injections, Controlled ($’000)",$'000,Better and safer roads – Athllon Drive duplication,-4835,-3841,-6884,18166,-2606
Statement G,BETTER TOOLS FOR OUTSTANDING OUTCOMES,8,"Changes to appropriation – Capital Injections, Controlled ($’000)",$'000,Connected and sustainable Canberra – Constructing the William Hovell Drive duplication,-12561,2375,3075,13561,-6450
Statement G,BETTER TOOLS FOR OUTSTANDING OUTCOMES,8,"Changes to appropriation – Capital Injections, Controlled ($’000)",$'000,Connected and sustainable Canberra – Monaro Highway Upgrades,-11480,-20010,-27738,22000,9966
Statement G,BETTER TOOLS FOR OUTSTANDING OUTCOMES,8,"Changes to appropriation – Capital Injections, Controlled ($’000)",$'000,Designing the Molonglo Parkway – Drive Connector,0,2288,2287,0,0
Statement G,BETTER TOOLS FOR OUTSTANDING OUTCOMES,8,"Changes to appropriation – Capital Injections, Controlled ($’000)",$'000,Molonglo Enabling Works,14000,3000,0,0,-17300
Statement G,BETTER TOOLS FOR OUTSTANDING OUTCOMES,8,"Changes to appropriation – Capital Injections, Controlled ($’000)",$'000,Revised Funding Profile,,,,,
Statement G,BETTER TOOLS FOR OUTSTANDING OUTCOMES,8,"Changes to appropriation – Capital Injections, Controlled ($’000)",$'000,ACT Government office accommodation consolidation,-421,421,0,0,0
Statement G,BETTER TOOLS FOR OUTSTANDING OUTCOMES,8,"Changes to appropriation – Capital Injections, Controlled ($’000)",$'000,Addressing Private Buildings Cladding,-17343,2000,11386,3957,0
Statement G,BETTER TOOLS FOR OUTSTANDING OUTCOMES,8,"Changes to appropriation – Capital Injections, Controlled ($’000)",$'000,Better and safer roads – Athllon Drive duplication,-1303,-5628,-3354,6476,3809
Statement G,BETTER TOOLS FOR OUTSTANDING OUTCOMES,8,"Changes to appropriation – Capital Injections, Controlled ($’000)",$'000,Better community infrastructure – Gungahlin Community Centre – design and construction,15800,-3998,-11802,0,0
Statement G,BETTER TOOLS FOR OUTSTANDING OUTCOMES,8,"Changes to appropriation – Capital Injections, Controlled ($’000)",$'000,Better community infrastructure – Public Building Upgrades – Building safety upgrades,-172,172,0,0,0
Statement G,BETTER TOOLS FOR OUTSTANDING OUTCOMES,8,"Changes to appropriation – Capital Injections, Controlled ($’000)",$'000,Better community infrastructure – Public Building Upgrades – Depot compliance upgrades,-568,568,0,0,0
Statement G,BETTER TOOLS FOR OUTSTANDING OUTCOMES,8,"Changes to appropriation – Capital Injections, Controlled ($’000)",$'000,Better community infrastructure – Public Building Upgrades – Fire system switchboard and HVAC upgrades,-589,589,0,0,0
Statement G,BETTER TOOLS FOR OUTSTANDING OUTCOMES,8,"Changes to appropriation – Capital Injections, Controlled ($’000)",$'000,Better community infrastructure – Public Building Upgrades – Roof replacement and rectification work,-2118,2118,0,0,0
Statement G,BETTER TOOLS FOR OUTSTANDING OUTCOMES,8,"Changes to appropriation – Capital Injections, Controlled ($’000)",$'000,Better community infrastructure – Public Building Upgrades – Roof upgrades at ACT Legislative Assembly and North Buildings,-424,424,0,0,0
Statement G,BETTER TOOLS FOR OUTSTANDING OUTCOMES,8,"Changes to appropriation – Capital Injections, Controlled ($’000)",$'000,Better community infrastructure – Refurbishing community and government buildings,-490,490,0,0,0
Statement G,BETTER TOOLS FOR OUTSTANDING OUTCOMES,8,"Changes to appropriation – Capital Injections, Controlled ($’000)",$'000,Better transport infrastructure – Building light rail to Woden,-5000,17515,0,0,-12515
Statement G,BETTER TOOLS FOR OUTSTANDING OUTCOMES,8,"Changes to appropriation – Capital Injections, Controlled ($’000)",$'000,Canberra Aquatic Centre,-5474,5474,0,0,0
Statement G,BETTER TOOLS FOR OUTSTANDING OUTCOMES,8,"Changes to appropriation – Capital Injections, Controlled ($’000)",$'000,Canberra Theatre Redevelopment – Lyric Theatre design,0,-25000,0,25000,0
Statement G,BETTER TOOLS FOR OUTSTANDING OUTCOMES,8,"Changes to appropriation – Capital Injections, Controlled ($’000)",$'000,Climate action – Continuing the Electrification of Government Assets,0,-10000,10000,0,0
Statement G,BETTER TOOLS FOR OUTSTANDING OUTCOMES,8,"Changes to appropriation – Capital Injections, Controlled ($’000)",$'000,Climate action – Moving more government facilities off gas,-925,925,0,0,0
Statement G,BETTER TOOLS FOR OUTSTANDING OUTCOMES,8,"Changes to appropriation – Capital Injections, Controlled ($’000)",$'000,Commencing the Athllon Drive Duplication,2454,-2454,0,0,0
Statement G,BETTER TOOLS FOR OUTSTANDING OUTCOMES,8,"Changes to appropriation – Capital Injections, Controlled ($’000)",$'000,Connected and sustainable Canberra – Constructing the William Hovell Drive duplication,8100,0,-1650,0,-6450
Statement G,BETTER TOOLS FOR OUTSTANDING OUTCOMES,8,"Changes to appropriation – Capital Injections, Controlled ($’000)",$'000,Connected and sustainable Canberra – Monaro Highway upgrades,0,2747,2470,-21627,-2175
Statement G,BETTER TOOLS FOR OUTSTANDING OUTCOMES,8,"Changes to appropriation – Capital Injections, Controlled ($’000)",$'000,Delivering a New Recycling Facility and Food Organics Facility,-6304,0,6304,0,0
Statement G,BETTER TOOLS FOR OUTSTANDING OUTCOMES,8,"Changes to appropriation – Capital Injections, Controlled ($’000)",$'000,Delivering the Home of Football at Throsby,0,-11000,-2680,0,13680
Statement G,BETTER TOOLS FOR OUTSTANDING OUTCOMES,8,"Changes to appropriation – Capital Injections, Controlled ($’000)",$'000,iCBR 2025-26 Asset Renewal Program,-5256,5256,0,0,0
Statement G,BETTER TOOLS FOR OUTSTANDING OUTCOMES,8,"Changes to appropriation – Capital Injections, Controlled ($’000)",$'000,Improving Canberra’s health infrastructure – Early works for a Northside hospital,-16000,16000,0,0,0
Statement G,BETTER TOOLS FOR OUTSTANDING OUTCOMES,8,"Changes to appropriation – Capital Injections, Controlled ($’000)",$'000,Improving Canberra’s health infrastructure – Expanding health centres across the city,3894,-3894,0,0,0
Statement G,BETTER TOOLS FOR OUTSTANDING OUTCOMES,8,"Changes to appropriation – Capital Injections, Controlled ($’000)",$'000,Improving Canberra’s health infrastructure – Inner South Health Centre Construction,0,0,-7293,7293,0
Statement G,BETTER TOOLS FOR OUTSTANDING OUTCOMES,8,"Changes to appropriation – Capital Injections, Controlled ($’000)",$'000,Improving Canberra’s health infrastructure – More parking at the Canberra Hospital,-1678,1678,0,0,0
Statement G,BETTER TOOLS FOR OUTSTANDING OUTCOMES,8,"Changes to appropriation – Capital Injections, Controlled ($’000)",$'000,Improving Canberra’s health infrastructure – Next steps for the Canberra Hospital Masterplan,-3602,75,3527,0,0
Statement G,BETTER TOOLS FOR OUTSTANDING OUTCOMES,8,"Changes to appropriation – Capital Injections, Controlled ($’000)",$'000,Improving Canberra’s health infrastructure – Redeveloping and expanding services at the Watson Health Precinct,6283,-6283,0,0,0
Statement G,BETTER TOOLS FOR OUTSTANDING OUTCOMES,8,"Changes to appropriation – Capital Injections, Controlled ($’000)",$'000,Improving Canberra's health infrastructure – Canberra Hospital Expansion,-3000,3000,0,0,0
Statement G,BETTER TOOLS FOR OUTSTANDING OUTCOMES,8,"Changes to appropriation – Capital Injections, Controlled ($’000)",$'000,Investing in Canberra’s Arts Sector,-5425,2715,2710,0,0
Statement G,BETTER TOOLS FOR OUTSTANDING OUTCOMES,8,"Changes to appropriation – Capital Injections, Controlled ($’000)",$'000,Kingston Arts Precinct,1618,-1618,0,0,0
Statement G,BETTER TOOLS FOR OUTSTANDING OUTCOMES,8,"Changes to appropriation – Capital Injections, Controlled ($’000)",$'000,Molonglo Enabling Works,45665,-6772,4500,0,-43393
Statement G,BETTER TOOLS FOR OUTSTANDING OUTCOMES,8,"Changes to appropriation – Capital Injections, Controlled ($’000)",$'000,More energy efficient Government accommodation,-1495,1495,0,0,0
Statement G,BETTER TOOLS FOR OUTSTANDING OUTCOMES,8,"Changes to appropriation – Capital Injections, Controlled ($’000)",$'000,More services for our suburbs – Upgrading the Old Kingston Bus Depot,-260,260,0,0,0
Statement G,BETTER TOOLS FOR OUTSTANDING OUTCOMES,8,"Changes to appropriation – Capital Injections, Controlled ($’000)",$'000,New and expanded schools – Delivering a second college for Gungahlin,0,-8700,5200,3500,0
Statement G,BETTER TOOLS FOR OUTSTANDING OUTCOMES,8,"Changes to appropriation – Capital Injections, Controlled ($’000)",$'000,New and expanded schools – Narrabundah College,0,5870,-5870,0,0
Statement G,BETTER TOOLS FOR OUTSTANDING OUTCOMES,8,"Changes to appropriation – Capital Injections, Controlled ($’000)",$'000,New and expanded schools – Strathnairn Primary School,2500,-2500,0,0,0
Statement G,BETTER TOOLS FOR OUTSTANDING OUTCOMES,8,"Changes to appropriation – Capital Injections, Controlled ($’000)",$'000,New and expanded schools – Telopea Park High School modernisation,0,-24050,-4000,20000,8050
Statement G,BETTER TOOLS FOR OUTSTANDING OUTCOMES,8,"Changes to appropriation – Capital Injections, Controlled ($’000)",$'000,New Materials Recovery Facility,0,-6250,6250,0,0
Statement G,BETTER TOOLS FOR OUTSTANDING OUTCOMES,8,"Changes to appropriation – Capital Injections, Controlled ($’000)",$'000,Strengthening emergency services – Planning for the Molonglo Valley Police Station,-850,850,0,0,0
Statement G,BETTER TOOLS FOR OUTSTANDING OUTCOMES,8,"Changes to appropriation – Capital Injections, Controlled ($’000)",$'000,Supporting local sport – Stromlo District Playing Fields – Stage 1 Construction,0,-22467,16125,6342,0
Statement G,BETTER TOOLS FOR OUTSTANDING OUTCOMES,8,"Changes to appropriation – Capital Injections, Controlled ($’000)",$'000,Throsby Home of Football – Stage 2,0,0,-9000,7000,2000
Statement G,BETTER TOOLS FOR OUTSTANDING OUTCOMES,8,"Changes to appropriation – Capital Injections, Controlled ($’000)",$'000,Well-prepared emergency services – Molonglo Station and Casey Station,8000,-8000,0,0,0
Statement G,BETTER TOOLS FOR OUTSTANDING OUTCOMES,8,"Changes to appropriation – Capital Injections, Controlled ($’000)",$'000,Whitlam Primary School Early Learning Centre,-5000,5000,0,0,0
Statement G,BETTER TOOLS FOR OUTSTANDING OUTCOMES,8,"Changes to appropriation – Capital Injections, Controlled ($’000)",$'000,Revised Indexation Parameters,0,0,0,0,41
Statement G,BETTER TOOLS FOR OUTSTANDING OUTCOMES,8,"Changes to appropriation – Capital Injections, Controlled ($’000)",$'000,Transfer,,,,,
Statement G,BETTER TOOLS FOR OUTSTANDING OUTCOMES,8,"Changes to appropriation – Capital Injections, Controlled ($’000)",$'000,Designing the Molonglo Parkway – Drive Connector from CED,0,600,0,0,0
Statement G,BETTER TOOLS FOR OUTSTANDING OUTCOMES,8,"Changes to appropriation – Capital Injections, Controlled ($’000)",$'000,Improving Canberra’s health infrastructure – Next steps for the Canberra Hospital Masterplan from HCSD,7385,3725,0,0,0
Statement G,BETTER TOOLS FOR OUTSTANDING OUTCOMES,8,"Changes to appropriation – Capital Injections, Controlled ($’000)",$'000,Improving Canberra’s health infrastructure – Planning the next stages of the Canberra Hospital Expansion to CHS,-3210,0,0,0,0
Statement G,BETTER TOOLS FOR OUTSTANDING OUTCOMES,8,"Changes to appropriation – Capital Injections, Controlled ($’000)",$'000,Supporting local sport – Stromlo District Playing Fields – Stage 1 Construction from CMTEDD,1400,27567,6342,0,0
Statement G,BETTER TOOLS FOR OUTSTANDING OUTCOMES,8,"Changes to appropriation – Capital Injections, Controlled ($’000)",$'000,2026-27 Budget,724529,941508,1038024,326057,326034
Statement H,DIGITAL CANBERRA,8,Changes to Appropriation – Controlled Recurrent Payments ($’000),$'000,2025-26 Budget,272335,205463,180417,181157,181279
Statement H,DIGITAL CANBERRA,8,Changes to Appropriation – Controlled Recurrent Payments ($’000),$'000,FMA Section 16B Rollovers from 2024-25,,,,,
Statement H,DIGITAL CANBERRA,8,Changes to Appropriation – Controlled Recurrent Payments ($’000),$'000,Commonwealth Grant - National Firearms Register,150,0,0,0,0
Statement H,DIGITAL CANBERRA,8,Changes to Appropriation – Controlled Recurrent Payments ($’000),$'000,Undrawn working capital transfer,5668,0,0,0,0
Statement H,DIGITAL CANBERRA,8,Changes to Appropriation – Controlled Recurrent Payments ($’000),$'000,2026-27 Budget Policy Decisions,,,,,
Statement H,DIGITAL CANBERRA,8,Changes to Appropriation – Controlled Recurrent Payments ($’000),$'000,Digital government:,,,,,
Statement H,DIGITAL CANBERRA,8,Changes to Appropriation – Controlled Recurrent Payments ($’000),$'000,- Ongoing delivery of the Digital Health Strategy,0,47500,0,0,0
Statement H,DIGITAL CANBERRA,8,Changes to Appropriation – Controlled Recurrent Payments ($’000),$'000,- Upgrading digital systems and hardware,0,1151,0,0,0
Statement H,DIGITAL CANBERRA,8,Changes to Appropriation – Controlled Recurrent Payments ($’000),$'000,- Enterprise Resource Planning project development,0,5140,0,0,0
Statement H,DIGITAL CANBERRA,8,Changes to Appropriation – Controlled Recurrent Payments ($’000),$'000,Investing in our Digital Future - Digital drivers licences,0,822,908,0,0
Statement H,DIGITAL CANBERRA,8,Changes to Appropriation – Controlled Recurrent Payments ($’000),$'000,National Firearm Register,0,947,1061,91,91
Statement H,DIGITAL CANBERRA,8,Changes to Appropriation – Controlled Recurrent Payments ($’000),$'000,Infrastructure Canberra and Digital Canberra Sustainability,0,12611,0,0,0
Statement H,DIGITAL CANBERRA,8,Changes to Appropriation – Controlled Recurrent Payments ($’000),$'000,Progressing public housing repairs and maintenance insourcing,0,0,436,517,517
Statement H,DIGITAL CANBERRA,8,Changes to Appropriation – Controlled Recurrent Payments ($’000),$'000,2026-27 Budget Technical Adjustments,,,,,
Statement H,DIGITAL CANBERRA,8,Changes to Appropriation – Controlled Recurrent Payments ($’000),$'000,Revised Superannuation Parameters,0,2244,2858,3236,3329
Statement H,DIGITAL CANBERRA,8,Changes to Appropriation – Controlled Recurrent Payments ($’000),$'000,Transfer:,,,,,
Statement H,DIGITAL CANBERRA,8,Changes to Appropriation – Controlled Recurrent Payments ($’000),$'000,- ICT budgets from Health and Community Service Directorate to Digital Canberra,12347,12656,12972,13296,13629
Statement H,DIGITAL CANBERRA,8,Changes to Appropriation – Controlled Recurrent Payments ($’000),$'000,- Online services CIT content management from Digital Canberra to Canberra Institute of Technology,0,-467,-473,-480,-487
Statement H,DIGITAL CANBERRA,8,Changes to Appropriation – Controlled Recurrent Payments ($’000),$'000,- Corporate functions transfer from Health and Community Service Directorate to Digital Canberra,5186,5323,5464,5546,5629
Statement H,DIGITAL CANBERRA,8,Changes to Appropriation – Controlled Recurrent Payments ($’000),$'000,"- Corporate functions transfer from Chief Minister, Treasury and Economic Development Directorate to Digital Canberra",0,150,0,0,0
Statement H,DIGITAL CANBERRA,8,Changes to Appropriation – Controlled Recurrent Payments ($’000),$'000,Revised Funding Profile:,,,,,
Statement H,DIGITAL CANBERRA,8,Changes to Appropriation – Controlled Recurrent Payments ($’000),$'000,- Enterprise Resource Planning - strategy and procurement,-3297,3297,0,0,0
Statement H,DIGITAL CANBERRA,8,Changes to Appropriation – Controlled Recurrent Payments ($’000),$'000,- Securing our information and data for the future,-3145,3145,0,0,0
Statement H,DIGITAL CANBERRA,8,Changes to Appropriation – Controlled Recurrent Payments ($’000),$'000,- Commonwealth Grant - National Firearms Register,-237,237,0,0,0
Statement H,DIGITAL CANBERRA,8,Changes to Appropriation – Controlled Recurrent Payments ($’000),$'000,- Investing in public health care - ACT Government Analytical Laboratory modernisation project,-125,0,0,125,0
Statement H,DIGITAL CANBERRA,8,Changes to Appropriation – Controlled Recurrent Payments ($’000),$'000,- Sustainable Household Scheme,-27,-28,-28,-17,-18
Statement H,DIGITAL CANBERRA,8,Changes to Appropriation – Controlled Recurrent Payments ($’000),$'000,- New COVID-19 and Disease Response Management System,361,946,763,249,0
Statement H,DIGITAL CANBERRA,8,Changes to Appropriation – Controlled Recurrent Payments ($’000),$'000,- Shared Services Finance and Human Resources fixedcost contribution,0,-47,-48,-49,-50
Statement H,DIGITAL CANBERRA,8,Changes to Appropriation – Controlled Recurrent Payments ($’000),$'000,- Building a better city Civic and Dickson office accommodation,0,47,0,0,0
Statement H,DIGITAL CANBERRA,8,Changes to Appropriation – Controlled Recurrent Payments ($’000) (Cont.),$'000,Savings:,,,,,
Statement H,DIGITAL CANBERRA,8,Changes to Appropriation – Controlled Recurrent Payments ($’000) (Cont.),$'000,- Workers' compensation,0,-276,0,0,0
Statement H,DIGITAL CANBERRA,8,Changes to Appropriation – Controlled Recurrent Payments ($’000) (Cont.),$'000,- Investing in public services - Strengthening government procurement,0,-178,-181,-96,-97
Statement H,DIGITAL CANBERRA,8,Changes to Appropriation – Controlled Recurrent Payments ($’000) (Cont.),$'000,Revised Wage Parameters,0,950,0,0,0
Statement H,DIGITAL CANBERRA,8,Changes to Appropriation – Controlled Recurrent Payments ($’000) (Cont.),$'000,Revised Indexation Parameters,0,0,0,0,2585
Statement H,DIGITAL CANBERRA,8,Changes to Appropriation – Controlled Recurrent Payments ($’000) (Cont.),$'000,2026-27 Budget,289216,301633,204149,203575,206407
Statement H,DIGITAL CANBERRA,9,"Changes to Appropriation – Capital Injections, Controlled ($’000)",$'000,2025-26 Budget,34187,5296,500,0,0
Statement H,DIGITAL CANBERRA,9,"Changes to Appropriation – Capital Injections, Controlled ($’000)",$'000,FMA Section 16B Rollovers from 2024-25,,,,,
Statement H,DIGITAL CANBERRA,9,"Changes to Appropriation – Capital Injections, Controlled ($’000)",$'000,Better digital services - Continuing to make government services more accessible online,550,0,0,0,0
Statement H,DIGITAL CANBERRA,9,"Changes to Appropriation – Capital Injections, Controlled ($’000)",$'000,Ongoing delivery of the Digital Health Strategy,883,0,0,0,0
Statement H,DIGITAL CANBERRA,9,"Changes to Appropriation – Capital Injections, Controlled ($’000)",$'000,Improving Canberra's health infrastructure:,,,,,
Statement H,DIGITAL CANBERRA,9,"Changes to Appropriation – Capital Injections, Controlled ($’000)",$'000,- More capacity in the Critical Services Building,208,0,0,0,0
Statement H,DIGITAL CANBERRA,9,"Changes to Appropriation – Capital Injections, Controlled ($’000)",$'000,- Upgrading critical communications infrastructure across Canberra Health Services,611,0,0,0,0
Statement H,DIGITAL CANBERRA,9,"Changes to Appropriation – Capital Injections, Controlled ($’000)",$'000,Better care for our community - Continuing delivery of the Digital Health Strategy,114,0,0,0,0
Statement H,DIGITAL CANBERRA,9,"Changes to Appropriation – Capital Injections, Controlled ($’000)",$'000,Investing in our digital future,325,0,0,0,0
Statement H,DIGITAL CANBERRA,9,"Changes to Appropriation – Capital Injections, Controlled ($’000)",$'000,Delivering the Payroll Capability and Human Resource Management (PC-HRM) Program,1144,0,0,0,0
Statement H,DIGITAL CANBERRA,9,"Changes to Appropriation – Capital Injections, Controlled ($’000)",$'000,Securing our information and data for the future,1206,0,0,0,0
Statement H,DIGITAL CANBERRA,9,"Changes to Appropriation – Capital Injections, Controlled ($’000)",$'000,2026-27 Budget Policy Decisions,,,,,
Statement H,DIGITAL CANBERRA,9,"Changes to Appropriation – Capital Injections, Controlled ($’000)",$'000,Digital government:,,,,,
Statement H,DIGITAL CANBERRA,9,"Changes to Appropriation – Capital Injections, Controlled ($’000)",$'000,- Ongoing delivery of the Digital Health Strategy,0,806,0,0,0
Statement H,DIGITAL CANBERRA,9,"Changes to Appropriation – Capital Injections, Controlled ($’000)",$'000,- Upgrading digital systems and hardware,0,19338,3919,3975,4010
Statement H,DIGITAL CANBERRA,9,"Changes to Appropriation – Capital Injections, Controlled ($’000)",$'000,Progressing public housing repairs and maintenance insourcing,0,2571,0,0,0
Statement H,DIGITAL CANBERRA,9,"Changes to Appropriation – Capital Injections, Controlled ($’000)",$'000,2026-27 Budget Technical Adjustments,,,,,
Statement H,DIGITAL CANBERRA,9,"Changes to Appropriation – Capital Injections, Controlled ($’000)",$'000,Revised Funding Profile:,,,,,
Statement H,DIGITAL CANBERRA,9,"Changes to Appropriation – Capital Injections, Controlled ($’000)",$'000,- Investing in our digital future,-250,250,0,0,0
Statement H,DIGITAL CANBERRA,9,"Changes to Appropriation – Capital Injections, Controlled ($’000)",$'000,- Investing in our digital future - Continuing the delivery of the Digital Health Strategy,-896,896,0,0,0
Statement H,DIGITAL CANBERRA,9,"Changes to Appropriation – Capital Injections, Controlled ($’000)",$'000,- Digitising government services,-386,386,0,0,0
Statement H,DIGITAL CANBERRA,9,"Changes to Appropriation – Capital Injections, Controlled ($’000)",$'000,- Better digital services - Continuing to make government services more accessible online,-270,270,0,0,0
Statement H,DIGITAL CANBERRA,9,"Changes to Appropriation – Capital Injections, Controlled ($’000)",$'000,- Better care for our community - Continuing delivery of the Digital Health Strategy,-1000,1000,0,0,0
Statement H,DIGITAL CANBERRA,9,"Changes to Appropriation – Capital Injections, Controlled ($’000)",$'000,- Improving Canberra's health infrastructure:,,,,,
Statement H,DIGITAL CANBERRA,9,"Changes to Appropriation – Capital Injections, Controlled ($’000)",$'000,- More capacity in the Critical Services Building,-550,550,0,0,0
Statement H,DIGITAL CANBERRA,9,"Changes to Appropriation – Capital Injections, Controlled ($’000)",$'000,- Upgrading critical communications infrastructure across Canberra Health Services,-2670,2670,0,0,0
Statement H,DIGITAL CANBERRA,9,"Changes to Appropriation – Capital Injections, Controlled ($’000)",$'000,- Ongoing delivery of the Digital Health Strategy,-400,400,0,0,0
Statement H,DIGITAL CANBERRA,9,"Changes to Appropriation – Capital Injections, Controlled ($’000)",$'000,- Delivering the Payroll Capability and Human Resource Management (PC-HRM) Program,-1650,1650,0,0,0
Statement H,DIGITAL CANBERRA,9,"Changes to Appropriation – Capital Injections, Controlled ($’000)",$'000,- New COVID-19 and Disease Response Management System,-836,-983,-500,0,0
Statement H,DIGITAL CANBERRA,9,"Changes to Appropriation – Capital Injections, Controlled ($’000)",$'000,"Transfer - Equipment Purchase Fund from Chief Minister, Treasury and Economic Development Directorate to Digital Canberra",0,0,0,0,1000
Statement H,DIGITAL CANBERRA,9,"Changes to Appropriation – Capital Injections, Controlled ($’000)",$'000,2026-27 Budget,30320,35100,3919,3975,5010
